No.,CUSTOMER_GROUP,CusName,Model,PartNo,PartName,GROUP_NAME,Surface,BeatName,DIAMETER1,DIAMETER2,THICKNESS,LENGTH,OperName,01/2025_PCS,01/2025_Wgt,02/2025_PCS,02/2025_Wgt,03/2025_PCS,03/2025_Wgt,04/2025_PCS,04/2025_Wgt,05/2025_PCS,05/2025_Wgt,06/2025_PCS,06/2025_Wgt,07/2025_PCS,07/2025_Wgt,08/2025_PCS,08/2025_Wgt,09/2025_PCS,09/2025_Wgt,10/2025_PCS,10/2025_Wgt,11/2025_PCS,11/2025_Wgt,12/2025_PCS,12/2025_Wgt,Forecast Date,NoCol,ItemNo
1,HONDA,CIC,,,,HSST590C,C,Khong,22.2,0.0,1.4,5580.0,P/E,,,395.0,1583.0,395.0,1583.0,739.0,2961.0,600.0,2404.0,642.0,2572.0,687.0,2752.0,600.0,2404.0,766.0,3069.0,689.0,2760.0,616.0,2468.0,,,2024-12-19,0,0.0
2,HONDA,CIC,,,,STAM290GA,P,Co,15.0,10.3,2.35,5700.0,P/E,,,341.0,1425.0,341.0,1425.0,639.0,2670.0,518.0,2164.0,555.0,2319.0,593.0,2478.0,518.0,2164.0,661.0,2762.0,595.0,2486.0,532.0,2223.0,,,2024-12-19,0,0.0
3,HONDA,CIC,,,,STAM390G,C,Khong,22.2,0.0,1.2,5570.0,P/E,,,441.0,1525.0,441.0,1525.0,826.0,2857.0,671.0,2321.0,718.0,2484.0,768.0,2656.0,671.0,2321.0,856.0,2961.0,771.0,2667.0,688.0,2380.0,,,2024-12-19,0,0.0
4,HONDA,CIC,,,,STAM390G,P,Khong,25.4,0.0,3.2,5460.0,P/E,1092.0,10446.0,1538.0,14712.0,1200.0,11479.0,1306.0,12493.0,1613.0,15430.0,1613.0,15430.0,1594.0,15248.0,1675.0,16023.0,1588.0,15191.0,2013.0,19256.0,1394.0,13335.0,,,2024-12-19,0,0.0
5,HONDA,CIC,,,,STAM390G,P,Co,34.0,0.0,2.6,5850.0,P/E,,,284.0,3344.0,222.0,2614.0,242.0,2850.0,298.0,3509.0,298.0,3509.0,295.0,3474.0,310.0,3651.0,294.0,3462.0,372.0,4381.0,258.0,3038.0,,,2024-12-19,0,0.0
6,HONDA,CIC,,,,STKM-HT590,P,Khong,25.4,0.0,3.2,5750.0,P/E,,,26.0,262.0,13.0,131.0,13.0,131.0,23.0,232.0,29.0,292.0,26.0,262.0,26.0,262.0,29.0,292.0,32.0,322.0,26.0,262.0,,,2024-12-19,0,0.0
7,HONDA,CIC1,"K2CA, K1NA",,,STAM290GA,P,Co,15.0,10.3,2.35,5700.0,P/E,,,386.0,1613.0,378.0,1579.0,420.0,1755.0,380.0,1588.0,398.0,1663.0,455.0,1901.0,428.0,1788.0,475.0,1985.0,538.0,2248.0,459.0,1918.0,,,2024-12-19,0,0.0
8,HONDA,CIC1,,,,STAM290GA,P,Khong,19.1,0.0,2.3,5520.0,P/E,,,19.0,100.0,22.0,116.0,,,,,,,,,,,,,,,,,,,2024-12-19,0,0.0
9,HONDA,CIC1,K56,,,STAM290GA,P,Co,21.7,16.5,2.6,5400.0,P/E,,,83.0,549.0,74.0,490.0,73.0,483.0,59.0,390.0,28.0,185.0,57.0,377.0,14.0,93.0,1.0,7.0,,,,,,,2024-12-19,0,0.0
10,HONDA,CIC1,K2ZA/K3AA,,,STAM290GA,P,Khong,22.2,0.0,2.0,5900.0,P/E,508.0,2985.0,494.0,2903.0,405.0,2380.0,412.0,2421.0,417.0,2450.0,429.0,2521.0,474.0,2785.0,404.0,2374.0,476.0,2797.0,411.0,2415.0,98.0,576.0,,,2024-12-19,0,0.0
11,OTHER,CIC1,HONDA USA,,,STAM390G,P,Khong,12.7,0.0,2.0,5400.0,P/E,250.0,713.0,,,,,,,,,,,,,,,,,,,,,,,,0,1.0
12,OTHER,CIC1,HONDA USA,,,STAM390G,P,Khong,12.7,0.0,2.0,5800.0,P/E,100.0,306.0,,,,,,,,,,,,,,,,,,,,,,,,0,1.0
13,HONDA,CIC1,K2ZA/K3AA,,,STAM390G,P,Khong,15.9,0.0,1.6,5830.0,P/E,651.0,2141.0,790.0,2598.0,649.0,2134.0,659.0,2167.0,667.0,2193.0,686.0,2256.0,759.0,2496.0,647.0,2127.0,762.0,2506.0,657.0,2160.0,156.0,513.0,,,2024-12-19,0,0.0
14,HONDA,CIC1,K56,,,STAM390G,P,Khong,15.9,0.0,2.0,5500.0,P/E,,,172.0,649.0,154.0,581.0,151.0,570.0,122.0,460.0,59.0,223.0,118.0,445.0,29.0,109.0,1.0,4.0,,,,,,,2024-12-19,0,0.0
15,HONDA,CIC1,,,,STAM390G,P,Khong,17.3,0.0,1.6,5580.0,P/E,,,880.0,3040.0,861.0,2974.0,957.0,3305.0,865.0,2988.0,906.0,3129.0,1037.0,3582.0,975.0,3368.0,1082.0,3737.0,1224.0,4228.0,1046.0,3613.0,,,2024-12-19,0,0.0
16,HONDA,CIC1,,,,STAM390G,C,Khong,19.1,0.0,1.2,5510.0,P/E,3472.0,10139.0,3881.0,11334.0,3061.0,8939.0,3085.0,9009.0,3801.0,11100.0,3817.0,11147.0,3741.0,10925.0,3934.0,11488.0,3784.0,11050.0,4744.0,13854.0,3386.0,9888.0,,,2024-12-19,0,0.0
17,HONDA,CIC1,,,,STAM390G,P,Khong,19.1,0.0,1.4,5550.0,P/E,676.0,2292.0,1354.0,4591.0,1085.0,3679.0,1140.0,3866.0,1395.0,4731.0,1396.0,4734.0,1402.0,4754.0,1448.0,4910.0,1390.0,4714.0,1737.0,5890.0,1229.0,4168.0,,,2024-12-19,0,0.0
18,HONDA,CIC1,,,,STAM390G,P,Khong,19.1,0.0,1.4,5570.0,P/E,1014.0,3451.0,1199.0,4081.0,933.0,3175.0,900.0,3063.0,1115.0,3795.0,1125.0,3829.0,1078.0,3669.0,1148.0,3907.0,1118.0,3805.0,1391.0,4734.0,1008.0,3430.0,,,2024-12-19,0,0.0
19,HONDA,CIC1,K2SG,,,STAM390G,P,Khong,19.1,0.0,1.4,5820.0,P/E,,,31.0,110.0,15.0,53.0,16.0,57.0,27.0,96.0,35.0,124.0,31.0,110.0,31.0,110.0,35.0,124.0,39.0,139.0,31.0,110.0,,,2024-12-19,0,0.0
20,HONDA,CIC1,K2CA/K2SG,,,STAM390G,P,Khong,19.1,0.0,1.6,5680.0,P/E,,,50.0,196.0,25.0,98.0,25.0,98.0,44.0,172.0,56.0,219.0,50.0,196.0,50.0,196.0,56.0,219.0,63.0,247.0,50.0,196.0,,,2024-12-19,0,0.0
21,HONDA,CIC1,K1F,,,STAM390G,P,Khong,19.1,0.0,2.0,5460.0,P/E,1016.0,4676.0,899.0,4138.0,1299.0,5979.0,1022.0,4704.0,804.0,3701.0,774.0,3563.0,689.0,3171.0,589.0,2711.0,562.0,2587.0,613.0,2822.0,678.0,3121.0,,,2024-12-19,0,0.0
22,HONDA,CIC1,K1WF,,,STAM390G,P,Khong,19.1,0.0,2.0,5824.0,P/E,,,11.0,54.0,9.0,44.0,12.0,59.0,15.0,74.0,12.0,59.0,15.0,74.0,12.0,59.0,18.0,88.0,15.0,74.0,15.0,74.0,,,2024-12-19,0,0.0
23,HONDA,CIC1,,,,STAM390G,P,Khong,19.1,0.0,2.0,5900.0,P/E,,,12.0,60.0,34.0,169.0,,,,,,,,,,,,,,,,,,,2024-12-19,0,0.0
24,HONDA,CIC1,AT,,,STAM390G,P,Co,22.2,0.0,1.6,5900.0,P/E,,,6.0,29.0,5.0,24.0,,,,,,,,,,,,,,,,,,,2024-12-19,0,0.0
25,HONDA,CIC1,K2ZA/K3AA,,,STAM390G,P,Co,22.2,0.0,2.0,5340.0,P/E,,,116.0,617.0,58.0,308.0,59.0,314.0,102.0,543.0,130.0,691.0,116.0,617.0,116.0,617.0,130.0,691.0,145.0,771.0,116.0,617.0,,,2024-12-19,0,0.0
26,HONDA,CIC1,K12/K2TA/K2SG,,,STAM390G,P,Co,22.2,0.0,2.0,5360.0,P/E,1270.0,6780.0,2843.0,15178.0,2236.0,11937.0,2792.0,14905.0,2443.0,13042.0,2474.0,13208.0,2505.0,13373.0,2316.0,12364.0,2710.0,14467.0,2863.0,15284.0,2706.0,14446.0,,,2024-12-19,0,0.0
27,HONDA,CIC1,,,,STAM390G,P,Co,22.2,0.0,2.0,5362.0,P/E,,,18.0,96.0,15.0,80.0,20.0,107.0,25.0,134.0,20.0,107.0,25.0,134.0,20.0,107.0,30.0,160.0,25.0,134.0,25.0,134.0,,,2024-12-19,0,0.0
28,HONDA,CIC1,K2ZA/K3AA,,,STAM390G,P,Co,22.2,0.0,2.0,5630.0,P/E,,,1663.0,9325.0,1366.0,7660.0,1386.0,7772.0,1403.0,7867.0,1445.0,8103.0,1597.0,8955.0,1361.0,7632.0,1604.0,8994.0,1383.0,7755.0,329.0,1845.0,,,2024-12-19,0,0.0
29,OTHER,CIC1,YADEA,,,STAM390G,P,Co,22.2,0.0,2.0,5630.0,P/E,1651.0,9258.0,,,,,,,,,,,,,,,,,,,,,,,,0,1.0
30,HONDA,CIC1,K2ZA/K3AA,,,STAM390G,P,Khong,22.2,0.0,2.9,5740.0,P/E,364.0,2883.0,510.0,4040.0,418.0,3311.0,425.0,3367.0,430.0,3406.0,443.0,3509.0,489.0,3873.0,417.0,3303.0,492.0,3897.0,424.0,3359.0,101.0,800.0,,,2024-12-19,0,0.0
31,HONDA,CIC1,K2ZA/K3AA,,,STAM390G,P,Co,28.6,0.0,1.6,5450.0,P/E,2032.0,11794.0,2873.0,16676.0,2359.0,13692.0,2395.0,13901.0,2424.0,14070.0,2496.0,14487.0,2759.0,16014.0,2351.0,13646.0,2771.0,16084.0,2388.0,13861.0,568.0,3297.0,,,2024-12-19,0,0.0
32,HONDA,CIC1,K56,,,STAM390G,P,Co,28.6,0.0,3.2,5925.0,P/E,,,98.0,1164.0,88.0,1045.0,86.0,1021.0,70.0,831.0,33.0,392.0,67.0,796.0,22.0,261.0,176.0,2090.0,142.0,1686.0,170.0,2019.0,,,2024-12-19,0,0.0
33,HONDA,CIC1,K56,,,STAM390G,P,Co,31.8,0.0,2.6,5600.0,P/E,122.0,1279.0,178.0,1866.0,159.0,1667.0,156.0,1635.0,127.0,1331.0,61.0,639.0,122.0,1279.0,30.0,314.0,1.0,10.0,,,,,,,2024-12-19,0,0.0
34,HONDA,CIC1,K2ZA/K3AA,A,,STAM390G,P,Co,38.1,0.0,2.0,693.0,B,15100.0,18626.0,36816.0,45414.0,30202.0,37255.0,29876.0,36853.0,29994.0,36999.0,31396.0,38728.0,34084.0,42044.0,30994.0,38232.0,36198.0,44652.0,30194.0,37246.0,6310.0,7784.0,,,2024-12-19,0,0.0
35,HONDA,CIC1,K2ZA/K3AA,B,,STAM390G,P,Co,38.1,0.0,2.0,693.0,B,16900.0,20847.0,,,,,,,,,,,,,,,,,,,,,,,,0,1.0
36,HONDA,CIC1,K2TA,A,,STAM390G,P,Co,42.7,0.0,1.4,795.0,B,10366.0,11752.0,19691.0,22323.0,15371.0,17426.0,19220.0,21789.0,16802.0,19048.0,17189.0,19487.0,17288.0,19599.0,16018.0,18159.0,18763.0,21271.0,19648.0,22274.0,18712.0,21213.0,,,2024-12-19,0,0.0
37,HONDA,CIC1,,,,STAM390G,P,Co,42.7,0.0,1.4,5340.0,P/E,,,,,,,3943.0,30025.0,3600.0,27413.0,3714.0,28282.0,4171.0,31761.0,4114.0,31327.0,3914.0,29804.0,3371.0,25670.0,6057.0,46123.0,,,2024-12-19,0,0.0
38,HONDA,CIC1,K0RA/K0SA,,,STAM390G,P,Co,42.7,0.0,1.4,5790.0,P/E,2832.0,23383.0,4400.0,36329.0,3629.0,29963.0,,,,,,,,,,,,,,,,,,,2024-12-19,0,0.0
39,HONDA,CIC1,K2TA,B,,STAM390G,P,Co,42.7,0.0,1.6,795.0,B,10768.0,13885.0,19691.0,25391.0,15371.0,19821.0,19220.0,24784.0,16802.0,21666.0,17189.0,22165.0,17288.0,22293.0,16018.0,20655.0,18763.0,24195.0,19648.0,25336.0,18712.0,24129.0,,,2024-12-19,0,0.0
40,HONDA,CIC1,K12K,B,,STAM390G,P,Co,42.7,0.0,1.6,845.0,B,,,17.0,23.0,18.0,25.0,41.0,56.0,41.0,56.0,41.0,56.0,33.0,45.0,32.0,44.0,72.0,99.0,48.0,66.0,50.0,69.0,,,2024-12-19,0,0.0
41,HONDA,CIC1,,,,STAM390G,P,Co,42.7,0.0,2.0,860.0,B,,,17.0,29.0,18.0,31.0,41.0,71.0,41.0,71.0,41.0,71.0,33.0,57.0,32.0,55.0,72.0,124.0,48.0,83.0,50.0,86.0,,,2024-12-19,0,0.0
42,HONDA,CIC1,,,,STAM390G,P,Co,54.0,0.0,2.6,4900.0,P/E,,,,,35.0,565.0,,,,,,,,,,,,,,,,,,,2024-12-19,0,0.0
43,HONDA,CIC1,GJK,,,STAM390G,P,Co,54.0,0.0,3.0,5800.0,P/E,125.0,2735.0,,,,,,,,,,,,,,,,,,,,,,,,0,1.0
44,HONDA,CIC1,K56-B,,,STAM390G,P,Co,54.0,20.0,2.0,560.0,B,7646.0,8593.0,9602.0,10792.0,8604.0,9670.0,8440.0,9486.0,6840.0,7688.0,3280.0,3686.0,6600.0,7418.0,1600.0,1798.0,80.0,90.0,,,,,,,2024-12-19,0,0.0
45,OTHER,CIC1,NPV,,,STKM13A,P,Co,38.1,31.75,2.0,5050.0,P/E,432.0,4627.0,87.0,932.0,273.0,2924.0,180.0,1928.0,173.0,1853.0,220.0,2356.0,187.0,2003.0,227.0,2431.0,147.0,1575.0,267.0,2860.0,167.0,1789.0,,,2024-12-19,0,0.0
46,HONDA,EMTC,K1FA,50530-K1F-V000-XA,Pipe,STAM290GA,P,Khong,19.1,0.0,2.3,5520.0,P/E,,,748.0,3935.0,610.0,3209.0,646.0,3398.0,649.0,3414.0,679.0,3572.0,737.0,3877.0,670.0,3525.0,783.0,4119.0,484.0,2546.0,6.0,32.0,,,2024-12-16,0,0.0
47,HONDA,EMTC,KWW,50530-KWW-6403-XA,Pipe,STAM290GA,P,Khong,19.1,0.0,2.3,6020.0,P/E,676.0,3878.0,210.0,1205.0,355.0,2037.0,271.0,1555.0,321.0,1842.0,329.0,1887.0,374.0,2146.0,395.0,2266.0,367.0,2106.0,458.0,2628.0,364.0,2088.0,,,2024-12-16,0,0.0
48,HONDA,EMTC,K2TA,50530-K2T-V000-XB,Pipe,STAM390G,P,Khong,19.1,0.0,2.0,5840.0,P/E,676.0,3328.0,655.0,3225.0,669.0,3294.0,787.0,3874.0,688.0,3387.0,705.0,3471.0,709.0,3490.0,657.0,3234.0,769.0,3786.0,805.0,3963.0,730.0,3594.0,,,2024-12-16,0,0.0
49,HONDA,EMTC,K0R,50530-K0R-V000-XA,Pipe,STAM390G,P,Khong,19.1,0.0,2.0,5940.0,P/E,1690.0,8463.0,746.0,3736.0,645.0,3230.0,791.0,3961.0,694.0,3475.0,605.0,3029.0,726.0,3635.0,629.0,3150.0,730.0,3655.0,734.0,3675.0,1121.0,5613.0,,,2024-12-16,0,0.0
50,HONDA,FULLWEI,,61313-T00 -P000-020R,"FRAME, DR CTR LWR _ Material",STKM11A,C,Co,28.6,0.0,1.2,410.0,B,1200.0,399.0,,,,,1400.0,466.0,1400.0,466.0,,,1300.0,432.0,1400.0,466.0,,,1100.0,366.0,,,1300.0,432.0,2024-12-26,0,1.0
51,HONDA,FULLWEI,,75654-T9R -3000-020R,"PIPE, RR BEAM MATERIAL",STKM13A,P,Co,25.4,0.0,2.6,1010.0,B,1400.0,2067.0,,,,,1300.0,1920.0,1300.0,1920.0,,,1300.0,1920.0,1400.0,2067.0,,,1300.0,1920.0,,,1300.0,1920.0,2024-12-26,0,1.0
52,HONDA,FULLWEI,,75651-T9A -T000-020R,"BEAM, REAR MATERIAL",STKM13A,P,Co,50.0,20.0,1.6,918.0,B,1400.0,2200.0,,,,,1300.0,2043.0,1300.0,2043.0,,,1300.0,2043.0,1400.0,2200.0,,,1300.0,2043.0,,,1300.0,2043.0,2024-12-26,0,1.0
53,HONDA,GTA,K2CA,K1FV0-053-55-01,"PIPE, HANDLE",STAM390G,P,Co,22.2,0.0,2.0,740.5,C,17880.0,13187.0,18396.0,13568.0,15088.0,11128.0,11172.0,8240.0,14362.0,10593.0,15776.0,11635.0,16778.0,12374.0,17991.0,13269.0,17289.0,12751.0,9290.0,6852.0,94.0,69.0,0.0,0.0,2024-12-09,0,0.0
54,HONDA,GTA,K1FA.K1GA -->K2ZA/K3AA,K1FV0-053-55,"PIPE, HANDLE",STAM390G,P,Co,22.2,0.0,2.0,740.5,C,320.0,236.0,,,,,,,,,,,,,,,,,,,,,,,,0,1.0
55,HONDA,GTA,,K2CV0-053-55-01,"PIPE, HANDLE",STAM390G,P,Co,22.2,0.0,2.0,741.0,C,58235.0,42980.0,59907.0,44214.0,48820.0,36031.0,51870.0,38282.0,58806.0,43401.0,62517.0,46140.0,58653.0,43288.0,58443.0,43133.0,62706.0,46279.0,72519.0,53522.0,52460.0,38717.0,0.0,0.0,2024-12-09,0,0.0
56,HONDA,GTA,K2CA,K2CV0-053-55,"PIPE, HANDLE",STAM390G,P,Co,22.2,0.0,2.0,741.0,C,7950.0,5867.0,1577.0,1164.0,0.0,0.0,0.0,0.0,0.0,0.0,0.0,0.0,0.0,0.0,0.0,0.0,0.0,0.0,3473.0,2563.0,0.0,0.0,0.0,0.0,2024-12-09,0,0.0
57,HONDA,GTA,K1YH,K1YDC-053-55,PIPE HANDLE,STAM390G,P,Co,22.2,0.0,2.0,771.0,C,15326.0,11769.0,14756.0,11331.0,21290.0,16349.0,18602.0,14285.0,12004.0,9218.0,12340.0,9476.0,10014.0,7690.0,9948.0,7639.0,9002.0,6913.0,9832.0,7550.0,10990.0,8439.0,0.0,0.0,2024-12-09,0,0.0
58,HONDA,GTA,SP,50150-K44-V001-AA-Sunsco,PIPE R SUB,STAM390G,P,Co,40.0,20.0,1.6,899.5,B,20.0,26.0,,,,,,,,,,,,,,,,,,,,,,,,0,1.0
59,HONDA,GTA,K2TA,50130-K2T-V000-AA,PIPE R/L,STAM390G,P,Co,45.0,0.0,2.3,736.5,B,22498.0,40132.0,39438.0,70350.0,30612.0,54606.0,33656.0,60036.0,33024.0,58908.0,33648.0,60021.0,33944.0,60549.0,31912.0,56925.0,36880.0,65787.0,39512.0,70482.0,35464.0,63261.0,0.0,0.0,2024-12-09,0,0.0
60,HONDA,GTA,K2ZA/K3AA,K3AV0-018-52,PIPE EXHAUST,SUS409L,C,Co,22.2,0.0,1.2,338.0,B,17100.0,3589.0,15796.0,3316.0,12942.0,2716.0,9806.0,2058.0,12798.0,2686.0,13808.0,2898.0,14812.0,3109.0,15427.0,3238.0,14433.0,3029.0,8232.0,1728.0,68.0,14.0,0.0,0.0,2024-12-09,0,0.0
61,HONDA,GTA,K1FA.K1GA,K66V0-018-52,PIPE EXHAUST,SUS409L,C,Co,22.2,0.0,1.2,485.0,B,21.0,6.0,,,,,,,,,,,,,,,,,,,,,,,,0,1.0
62,HONDA,GTA,K2ZA/K3AA,K2ZV0-018-52,PIPE EXHAUST,SUS409L,C,Co,25.4,0.0,1.2,330.0,B,780.0,184.0,2600.0,614.0,2146.0,507.0,1366.0,323.0,1564.0,370.0,1968.0,465.0,1966.0,465.0,2564.0,606.0,2856.0,675.0,1058.0,250.0,26.0,6.0,0.0,0.0,2024-12-09,0,0.0
63,HONDA,INNOTEK,,,,HSST590C,C,Khong,22.2,0.0,1.4,5350.0,P/E,1521.0,5843.0,1639.0,6296.0,1375.0,5282.0,1113.0,4275.0,1002.0,3849.0,1053.0,4045.0,1051.0,4037.0,1027.0,3945.0,1177.0,4521.0,1075.0,4129.0,980.0,3764.0,,,2024-11-29,0,0.0
64,HONDA,INNOTEK,K2ZA,133.2,,STAM290GA,P,Co,15.0,10.3,2.35,6200.0,P/E,1859.0,8448.0,2109.0,9585.0,1903.0,8648.0,1619.0,7358.0,1633.0,7421.0,1724.0,7835.0,1721.0,7821.0,1678.0,7626.0,1860.0,8453.0,1564.0,7108.0,1329.0,6040.0,,,2024-11-29,0,0.0
65,HONDA,INNOTEK,KIYH,,,STAM290GA,P,Khong,15.9,0.0,2.0,5650.0,P/E,127.0,492.0,,,,,159.0,616.0,114.0,442.0,110.0,426.0,94.0,364.0,91.0,353.0,86.0,333.0,95.0,368.0,106.0,411.0,,,2024-11-29,0,0.0
66,HONDA,INNOTEK,,,,STAM390G,P,Khong,19.1,0.0,1.4,5100.0,P/E,1183.0,3686.0,1423.0,4434.0,1592.0,4961.0,1512.0,4712.0,1676.0,5223.0,1730.0,5391.0,1690.0,5266.0,1688.0,5260.0,1915.0,5967.0,1876.0,5846.0,1766.0,5503.0,,,2024-11-29,0,0.0
67,HONDA,INNOTEK,,,,STAM390G,P,Khong,19.1,0.0,1.6,5460.0,P/E,2366.0,8914.0,2456.0,9253.0,2060.0,7761.0,1628.0,6133.0,1467.0,5527.0,1540.0,5802.0,1536.0,5787.0,1503.0,5662.0,1719.0,6476.0,1573.0,5926.0,1434.0,5402.0,,,2024-11-29,0,0.0
68,HONDA,INNOTEK,,,,STAM390G,P,Khong,19.1,0.0,1.6,5860.0,P/E,676.0,2733.0,824.0,3332.0,909.0,3675.0,756.0,3057.0,838.0,3388.0,865.0,3498.0,845.0,3417.0,844.0,3413.0,958.0,3874.0,938.0,3793.0,883.0,3570.0,,,2024-11-29,0,0.0
69,HONDA,INNOTEK,K66,217,,STAM390G,P,Khong,19.1,0.0,2.0,5800.0,P/E,,,108.0,528.0,133.0,650.0,,,,,,,,,,,,,,,,,,,2024-11-29,0,0.0
70,HONDA,INNOTEK,,,,STAM390G,P,Khong,19.1,0.0,2.3,5570.0,P/E,429.0,2277.0,343.0,1821.0,330.0,1752.0,380.0,2017.0,400.0,2123.0,437.0,2320.0,448.0,2378.0,441.0,2341.0,528.0,2803.0,513.0,2723.0,467.0,2479.0,,,2024-11-29,0,0.0
71,HONDA,INNOTEK,,,,STAM390G,C,Khong,22.2,0.0,1.2,5480.0,P/E,1859.0,6326.0,1779.0,6054.0,1492.0,5077.0,1225.0,4169.0,1102.0,3750.0,1158.0,3941.0,1157.0,3937.0,1130.0,3845.0,1295.0,4407.0,1183.0,4026.0,1077.0,3665.0,,,2024-11-29,0,0.0
72,HONDA,INNOTEK,K1W,204.3,,STAM390G,P,Co,22.2,0.0,1.4,5190.0,P/E,1352.0,5038.0,1395.0,5198.0,1554.0,5791.0,1420.0,5292.0,1570.0,5850.0,1621.0,6041.0,1588.0,5918.0,1583.0,5899.0,1797.0,6696.0,1763.0,6570.0,1655.0,6167.0,,,2024-11-29,0,0.0
73,HONDA,INNOTEK,K2ZA,,,STAM390G,P,Khong,22.2,0.0,1.6,5370.0,P/E,803.0,3506.0,710.0,3100.0,622.0,2716.0,644.0,2812.0,736.0,3213.0,802.0,3501.0,821.0,3584.0,778.0,3397.0,793.0,3462.0,422.0,1842.0,192.0,838.0,,,2024-11-29,0,0.0
74,HONDA,INNOTEK,,,,STAM390G,P,Khong,22.2,0.0,2.0,5160.0,P/E,1352.0,6948.0,1422.0,7308.0,1590.0,8172.0,1512.0,7771.0,1676.0,8614.0,1730.0,8891.0,1690.0,8686.0,1688.0,8675.0,1915.0,9842.0,1876.0,9641.0,1766.0,9076.0,,,2024-11-29,0,0.0
75,HONDA,INNOTEK,,,,STAM390G,P,Khong,22.2,0.0,2.0,5330.0,P/E,845.0,4486.0,752.0,3992.0,676.0,3589.0,674.0,3578.0,716.0,3801.0,763.0,4051.0,792.0,4204.0,729.0,3870.0,659.0,3498.0,662.0,3514.0,1050.0,5574.0,,,2024-11-29,0,0.0
76,HONDA,INNOTEK,K2TA,128.4,,STAM390G,P,Khong,22.2,0.0,2.0,5680.0,P/E,2535.0,14341.0,2128.0,12039.0,2255.0,12757.0,2235.0,12644.0,2288.0,12944.0,2463.0,13934.0,2519.0,14251.0,2382.0,13476.0,2534.0,14336.0,2136.0,12084.0,2140.0,12107.0,,,2024-11-29,0,0.0
77,HONDA,INNOTEK,,,,STAM390G,P,Khong,25.4,0.0,1.4,5470.0,P/E,508.0,2304.0,496.0,2249.0,646.0,2929.0,515.0,2335.0,369.0,1673.0,357.0,1619.0,304.0,1379.0,294.0,1333.0,278.0,1261.0,307.0,1392.0,342.0,1551.0,,,2024-11-29,0,0.0
78,HONDA,INNOTEK,,,,STAM390G,P,Khong,25.4,0.0,2.0,6372.0,P/E,91.0,669.0,,,,,,,,,,,,,,,,,,,,,,,,0,1.0
79,HONDA,INNOTEK,,,,STAM390G,C,Khong,28.6,0.0,1.2,5070.0,P/E,5715.0,23499.0,4229.0,17389.0,3618.0,14876.0,4357.0,17915.0,4007.0,16476.0,4265.0,17537.0,4309.0,17718.0,4207.0,17298.0,4886.0,20090.0,4507.0,18532.0,4085.0,16797.0,,,2024-11-29,0,0.0
80,HONDA,INNOTEK,,,,STAM390G,P,Co,28.6,0.0,1.6,5220.0,P/E,,,33.0,183.0,40.0,222.0,50.0,278.0,50.0,278.0,53.0,295.0,58.0,322.0,53.0,295.0,63.0,350.0,65.0,361.0,55.0,306.0,,,2024-11-29,0,0.0
81,HONDA,INNOTEK,,,,STAM390G,P,Khong,31.8,0.0,1.4,5240.0,P/E,546.0,3004.0,549.0,3021.0,483.0,2657.0,533.0,2933.0,567.0,3120.0,604.0,3323.0,627.0,3450.0,577.0,3175.0,522.0,2872.0,524.0,2883.0,831.0,4572.0,,,2024-11-29,0,0.0
82,HONDA,INNOTEK,,,,STAM390G,P,Khong,31.8,0.0,2.6,5350.0,P/E,91.0,911.0,139.0,1392.0,118.0,1182.0,220.0,2203.0,181.0,1813.0,219.0,2193.0,203.0,2033.0,198.0,1983.0,399.0,3996.0,340.0,3405.0,323.0,3235.0,,,2024-11-29,0,0.0
83,HONDA,INNOTEK,,,,STAM390G,P,Khong,42.7,0.0,2.3,5090.0,P/E,1037.0,12093.0,1044.0,12174.0,1167.0,13609.0,1109.0,12932.0,1229.0,14332.0,1268.0,14786.0,1239.0,14448.0,1238.0,14437.0,1405.0,16384.0,1376.0,16046.0,1295.0,15101.0,,,2024-11-29,0,0.0
84,HONDA,KKTL,K56R/K2PF/K2PA,,,HSST590C,C,Co,25.0,55.0,1.6,551.0,B,4560.0,4877.0,4800.0,5134.0,4300.0,4599.0,6640.0,7101.0,4740.0,5069.0,6040.0,6460.0,6400.0,6845.0,3200.0,3422.0,2440.0,2610.0,2560.0,2738.0,,,,,2024-11-15,0,0.0
85,HONDA,KKTL,K56R/K2PF/K2PA,,,HSST590C,C,Co,25.0,55.0,1.6,552.0,B,4560.0,4886.0,4800.0,5143.0,4300.0,4607.0,6640.0,7114.0,4740.0,5079.0,6040.0,6471.0,6400.0,6857.0,3200.0,3429.0,2440.0,2614.0,2560.0,2743.0,,,,,2024-11-15,0,0.0
86,HONDA,KKTL,K2TA,,,STAM390G,P,Co,22.2,0.0,2.3,6000.0,P/E,651.0,4410.0,986.0,6679.0,765.0,5182.0,805.0,5453.0,911.0,6171.0,954.0,6462.0,943.0,6388.0,888.0,6015.0,1051.0,7119.0,1062.0,7194.0,,,,,2024-11-15,0,0.0
87,VINFAST,KKTL,,,,STAM390G,P,Co,25.4,0.0,2.0,5870.0,P/E,30.0,203.0,,,,,,,,,,,,,,,,,,,,,,,,0,1.0
88,VINFAST,KKTL,,,,STAM390G,P,Co,28.6,0.0,2.0,5820.0,P/E,152.0,1161.0,,,,,,,,,,,,,,,,,,,,,,,,0,1.0
89,HONDA,KKTL,,,,STAM390G,P,Co,31.8,0.0,1.6,5820.0,P/E,910.0,6313.0,1040.0,7215.0,858.0,5952.0,1075.0,7458.0,988.0,6854.0,1028.0,7132.0,1070.0,7423.0,1027.0,7125.0,1143.0,7929.0,582.0,4038.0,,,,,2024-11-15,0,0.0
90,HONDA,KKTL,,,,STAM390G,P,Co,48.6,0.0,3.5,5750.0,P/E,549.0,12289.0,896.0,20057.0,696.0,15580.0,732.0,16386.0,828.0,18535.0,867.0,19408.0,858.0,19206.0,807.0,18064.0,955.0,21377.0,965.0,21601.0,,,,,2024-11-15,0,0.0
91,HONDA,KKTL,K2CA/K2CF/K1NA/K1NF/K2TA/K2ZA,,,STAM390G,P,Co,48.6,0.0,3.5,5880.0,P/E,2928.0,67024.0,2779.0,63614.0,2303.0,52718.0,2884.0,66017.0,2530.0,57914.0,2702.0,61851.0,2840.0,65010.0,2542.0,58189.0,3183.0,72862.0,2928.0,67024.0,,,,,2024-11-15,0,0.0
92,YAMAHA,KMV,,51356-HP0-A000-H1-000Y,"PIPE R, CROSS",STAM290GA,P,Khong,19.1,0.0,1.6,135.0,B,,,,,116.0,11.0,440.0,41.0,440.0,41.0,,,,,,,,,,,,,,,,0,0.0
93,HONDA USA,KMV,HL4,81622-HL4-A000-H1-000Y,"GRIP, R",STAM290GA,C,Khong,22.2,0.0,1.2,589.0,B,,,1780.0,651.0,1800.0,658.0,1800.0,658.0,1800.0,658.0,,,,,,,,,,,,,,,,0,0.0
94,HONDA USA,KMV,,51356-HR3N-HA00-H1-000Y,"PIPE R, CROSS",STAM390G,P,Khong,19.1,0.0,1.6,143.0,B,,,5972.0,589.0,5978.0,590.0,5978.0,590.0,5978.0,590.0,,,,,,,,,,,,,,,,0,0.0
95,HONDA USA,KMV,,51356-HR6M-MF00-H1-000Y,"PIPE R, CROSS",STAM390G,P,Khong,19.1,0.0,1.6,156.0,B,779.0,84.0,5158.0,555.0,5960.0,642.0,5960.0,642.0,5960.0,642.0,,,,,,,,,,,,,,,,0,0.0
96,HONDA USA,KMV,HN6,81150-HN6-A301-20-000Y,PIPE,STAM390G,P,Khong,22.2,0.0,1.4,681.0,B,,,167.0,82.0,240.0,117.0,240.0,117.0,240.0,117.0,,,,,,,,,,,,,,,,0,0.0
97,HONDA USA,KMV,HN6,81200-HN6-A300-20-001Y,PIPE,STAM390G,P,Khong,22.2,0.0,1.4,846.0,B,,,160.0,97.0,238.0,145.0,240.0,146.0,240.0,146.0,,,,,,,,,,,,,,,,0,0.0
98,HONDA USA,KMV,HL4,81621-HL4-A000-H1-000Y,"TUBE, C CROSS",STAM390G,P,Khong,25.4,0.0,2.0,1180.0,B,,,840.0,1144.0,840.0,1144.0,840.0,1144.0,840.0,1144.0,,,,,,,,,,,,,,,,0,0.0
99,HONDA USA,KMV,HL4,81624-HL4-A000-H1-000Y,"TUBE, HINGE CROSS",STAM390G,P,Khong,28.6,0.0,1.4,757.3,B,,,676.0,481.0,900.0,640.0,900.0,640.0,900.0,640.0,,,,,,,,,,,,,,,,0,0.0
100,HONDA USA,KMV,,51352-HN6-A300-H1-000Y,"COLLAR, FR. ARM PIVOT",STAM390G,P,Khong,31.8,0.0,2.3,40.8,C,20639.0,1409.0,43356.0,2959.0,62322.0,4254.0,61682.0,4210.0,60918.0,4158.0,,,,,,,,,,,,,,,,0,0.0
101,HONDA USA,KMV,,52372-HR6M-MF02-H1-000Y,"PIPE, PIVOT",STAM390G,P,Khong,38.1,0.0,3.2,84.5,B,536.0,125.0,4332.0,1008.0,3834.0,892.0,3734.0,869.0,2794.0,650.0,,,,,,,,,,,,,,,,0,0.0
102,YAMAHA,KMV,,J0G-F214A-00-0000,REINF,STKM11A,P,Khong,12.7,0.0,1.6,411.8,B,1137.0,205.0,1640.0,296.0,2160.0,390.0,4340.0,783.0,1170.0,211.0,,,,,,,,,,,,,,,,0,0.0
103,YAMAHA,KMV,,2BM-F137F-00-001Y,STAY,STKM11A,P,Khong,13.8,0.0,1.6,120.0,B,,,,,,,39.0,2.0,,,,,,,,,,,,,,,,,,0,0.0
104,YAMAHA,KMV,,BEB-28356-00J-000Y,PIPE 2,STKM11A,C,Khong,15.9,0.0,1.2,250.0,B,3042.0,331.0,,,3360.0,365.0,,,1056.0,115.0,,,,,,,,,,,,,,,,0,0.0
105,YAMAHA,KMV,,BG4-F486G-00-000Y,PIPE 3,STKM11A,C,Khong,15.9,0.0,1.2,273.0,B,2051.0,244.0,990.0,118.0,3520.0,418.0,1540.0,183.0,3688.0,438.0,,,,,,,,,,,,,,,,0,0.0
106,YAMAHA,KMV,,2ND-F119A-00-000Y,"PIPE,CROSS 6",STKM11A,P,Khong,15.9,0.0,1.6,87.0,B,680.0,33.0,849.0,42.0,711.0,35.0,763.0,37.0,600.0,29.0,,,,,,,,,,,,,,,,0,0.0
107,YAMAHA,KMV,,1S9-F1199-00-000Y,CROSS TUBE 4,STKM11A,P,Khong,15.9,0.0,1.6,110.0,B,,,,,16.0,1.0,,,,,,,,,,,,,,,,,,,,0,1.0
108,YAMAHA,KMV,,2ND-F116X-00-0000,"PIPE, 3",STKM11A,P,Khong,15.9,0.0,1.6,120.4,B,601.0,41.0,864.0,59.0,711.0,48.0,763.0,52.0,600.0,41.0,,,,,,,,,,,,,,,,0,0.0
109,YAMAHA,KMV,,1S9-F1198-00-000Y,CROSS TUBE3,STKM11A,P,Khong,15.9,0.0,1.6,121.0,B,,,,,24.0,2.0,,,,,,,,,,,,,,,,,,,,0,1.0
110,YAMAHA,KMV,,BPC-F115A-00-000Y,"MBR.,1",STKM11A,P,Khong,15.9,0.0,2.0,190.0,B,793.0,103.0,660.0,86.0,1434.0,187.0,1250.0,163.0,1900.0,248.0,,,,,,,,,,,,,,,,0,0.0
111,YAMAHA,KMV,,BPC-F115F-00-000Y,"MBR.,3",STKM11A,P,Khong,15.9,0.0,2.0,196.0,B,1585.0,213.0,1320.0,177.0,2872.0,386.0,2500.0,336.0,3800.0,511.0,,,,,,,,,,,,,,,,0,0.0
112,YAMAHA,KMV,,BPC-F115G-00-000Y,"MBR.,4",STKM11A,P,Khong,15.9,0.0,2.0,198.0,B,793.0,108.0,660.0,90.0,1434.0,195.0,1250.0,170.0,1900.0,258.0,,,,,,,,,,,,,,,,0,0.0
113,YAMAHA,KMV,,2TD-F1197-00-000Y,CROSS TUBE 2,STKM11A,P,Khong,19.1,0.0,1.4,286.0,B,438.0,77.0,318.0,56.0,458.0,80.0,401.0,70.0,600.0,105.0,,,,,,,,,,,,,,,,0,0.0
114,YAMAHA,KMV,,1S9-F1123-00-001Y,BACK STAY LH,STKM11A,P,Khong,22.2,0.0,1.6,595.0,B,48.0,23.0,,,,,,,,,,,,,,,,,,,,,,,,0,0.0
115,YAMAHA,KMV,,B4J-F4316-00-000Y,"PIPE, 6",STKM11A,P,Khong,22.2,0.0,1.6,705.0,B,,,,,,,390.0,224.0,328.0,188.0,,,,,,,,,,,,,,,,0,0.0
116,YAMAHA,KMV,,B4J-F4321-00-000Y,"PIPE, 10",STKM11A,P,Khong,22.2,0.0,1.6,908.0,B,,,,,,,406.0,300.0,306.0,226.0,,,,,,,,,,,,,,,,0,0.0
117,YAMAHA,KMV,,3S4-F1123-00-000Y,BACK STAY LH,STKM11A,P,Khong,22.2,0.0,2.0,353.0,B,7652.0,2690.0,6952.0,2444.0,9352.0,3288.0,8159.0,2869.0,8191.0,2880.0,,,,,,,,,,,,,,,,0,0.0
118,YAMAHA,KMV,,3S4-F1124-00-000Y,BACK STAY RH,STKM11A,P,Khong,22.2,0.0,2.0,366.0,B,7652.0,2789.0,6952.0,2534.0,9352.0,3409.0,8159.0,2974.0,8191.0,2986.0,,,,,,,,,,,,,,,,0,0.0
119,YAMAHA,KMV,,1FC-F1123-00-000Y,BACK STAY LH,STKM11A,P,Khong,22.2,0.0,2.0,379.0,B,14103.0,5324.0,18700.0,7059.0,19700.0,7436.0,17100.0,6455.0,16096.0,6076.0,,,,,,,,,,,,,,,,0,0.0
120,YAMAHA,KMV,,31C-F1123-00-000Y,BACK STAY LH,STKM11A,P,Khong,22.2,0.0,2.0,384.0,B,14102.0,5394.0,18700.0,7152.0,19700.0,7535.0,17100.0,6540.0,16096.0,6156.0,,,,,,,,,,,,,,,,0,0.0
121,YAMAHA,KMV,,BJ7-F1197-00-000Y,CROSS TUBE 2,STKM11A,P,Khong,25.4,0.0,1.6,406.0,B,800.0,305.0,1343.0,512.0,2751.0,1049.0,2802.0,1068.0,2450.0,934.0,,,,,,,,,,,,,,,,0,0.0
122,YAMAHA,KMV,,B63-F1197-00-000Y,CROSS TUBE 1,STKM11A,P,Khong,25.4,0.0,1.6,458.0,B,300.0,129.0,282.0,121.0,267.0,115.0,1106.0,476.0,1050.0,452.0,,,,,,,,,,,,,,,,0,0.0
123,YAMAHA,KMV,,1FC-F1185-00-000Y,"SEAT,RAIL 1",STKM11A,P,Khong,25.4,0.0,1.6,845.0,B,28205.0,22379.0,39200.0,31103.0,39400.0,31262.0,34200.0,27136.0,32192.0,25543.0,,,,,,,,,,,,,,,,0,0.0
124,YAMAHA,KMV,,2HC-F3827-00-000Y,BOSS STRG,STKM11A,P,Khong,25.4,0.0,3.2,44.5,C,,,,,2400.0,187.0,800.0,62.0,1800.0,140.0,,,,,,,,,,,,,,,,0,0.0
125,YAMAHA,KMV,,1TD-F3576-00-000Y,BOSS,STKM11A,P,Khong,25.4,0.0,3.2,49.5,C,4920.0,427.0,6720.0,583.0,2400.0,208.0,2080.0,180.0,,,,,,,,,,,,,,,,,,0,0.0
126,YAMAHA,KMV,,2LS-F3545-00-000Y,HEAD PIPE,STKM11A,P,Khong,25.4,0.0,3.2,214.0,C,966.0,362.0,,,1920.0,720.0,960.0,360.0,825.0,309.0,,,,,,,,,,,,,,,,0,0.0
127,YAMAHA,KMV,,1TD-F3545-00-000Y,HEAD PIPE,STKM11A,P,Khong,25.4,0.0,3.2,242.0,C,900.0,382.0,,,650.0,276.0,270.0,114.0,240.0,102.0,,,,,,,,,,,,,,,,0,0.0
128,YAMAHA,KMV,,BG4-F486A-00-000Y,PIPE,STKM11A,P,Khong,28.6,0.0,2.0,1070.0,B,,,,,240.0,337.0,180.0,253.0,600.0,842.0,,,,,,,,,,,,,,,,0,0.0
129,YAMAHA,KMV,,55P-F1196-00-000Y,CROSS TUBE 1,STKM11A,P,Co,28.6,0.0,2.6,176.0,C,,,,,16.0,5.0,,,,,,,,,,,,,,,,,,,,0,1.0
130,YAMAHA,KMV,,5HU-F2161-10-0000,PIPE HEAD,STKM11A,P,Co,29.4,0.0,3.2,41.0,C,65786.0,5575.0,83136.0,7046.0,84510.0,7162.0,76414.0,6476.0,68456.0,5801.0,,,,,,,,,,,,,,,,0,0.0
131,YAMAHA,KMV,,B63-F1196-00-000Y,CROSS TUBE 1,STKM11A,P,Khong,38.1,0.0,2.3,308.0,B,300.0,188.0,283.0,177.0,267.0,167.0,1106.0,692.0,1050.0,657.0,,,,,,,,,,,,,,,,0,0.0
132,YAMAHA,KMV,,B9Y-F1414-00-0000,,STKM11A,P,Khong,38.1,0.0,2.6,259.8,C,2000.0,1183.0,600.0,355.0,1800.0,1064.0,2200.0,1301.0,2200.0,1301.0,,,,,,,,,,,,,,,,0,0.0
133,YAMAHA,KMV,,BJ7-F1196-00-000Y,CROSS TUBE 1,STKM11A,P,Khong,42.7,0.0,2.0,214.0,B,960.0,412.0,1343.0,577.0,2751.0,1182.0,2802.0,1203.0,2450.0,1052.0,,,,,,,,,,,,,,,,0,0.0
134,YAMAHA,KMV,,2JH-F1311-00-001Y,PIPE STEERING HEAD,STKM11A,P,Co,42.7,0.0,3.5,195.0,C,14858.0,9802.0,18771.0,12383.0,18468.0,12183.0,17132.0,11302.0,16238.0,10712.0,,,,,,,,,,,,,,,,0,0.0
135,YAMAHA,KMV,,2TD-F1311-00-000Y,"PIPE, STEERING HEAD",STKM11A,P,Co,42.7,0.0,3.5,261.0,C,2532.0,2236.0,2568.0,2267.0,4969.0,4387.0,5909.0,5217.0,5650.0,4989.0,,,,,,,,,,,,,,,,0,0.0
136,YAMAHA,KMV,,4D1-F1311-00-000Y,PIPE STEERING HEAD,STKM11A,P,Co,42.7,0.0,3.5,263.0,C,,,5.0,4.0,8.0,7.0,8.0,7.0,4.0,4.0,,,,,,,,,,,,,,,,0,0.0
137,YAMAHA,KMV,,J0A-F2191-00-000Y,MBR LH,STKM11A,P,Khong,48.6,0.0,2.0,1804.0,B,705.0,2923.0,1440.0,5970.0,1940.0,8042.0,4200.0,17411.0,900.0,3731.0,,,,,,,,,,,,,,,,0,0.0
138,YAMAHA,KMV,,J0G-F2191-00-000Y,"MBR., LH",STKM11A,P,Khong,48.6,0.0,3.1,1830.0,B,286.0,1820.0,170.0,1082.0,220.0,1400.0,140.0,891.0,270.0,1718.0,,,,,,,,,,,,,,,,0,0.0
139,YAMAHA,KMV,,TA300216-1-1-0000,Pipe 1,STKM11A,P,Khong,50.8,0.0,1.6,630.6,B,1.0,1.0,,,172.0,211.0,164.0,201.0,164.0,201.0,,,,,,,,,,,,,,,,0,0.0
140,YAMAHA,KMV,,BJ7-F1115-00-000Y,"PIPE, MAIN",STKM11A,P,Khong,60.5,0.0,2.0,1020.0,C,400.0,1177.0,745.0,2192.0,1376.0,4049.0,1401.0,4123.0,1225.0,3605.0,,,,,,,,,,,,,,,,0,0.0
141,YAMAHA,KMV,,B63-F1115-00-000Y,PIPE MAIN,STKM11A,P,Khong,60.5,0.0,2.0,1060.0,C,100.0,306.0,166.0,508.0,134.0,410.0,553.0,1691.0,525.0,1606.0,,,,,,,,,,,,,,,,0,0.0
142,YAMAHA,KMV,,5WP-8181J-01-000Y,YOKE,STKM11A,P,Co,60.8,0.0,3.8,55.0,A,1884.0,553.0,2060.0,605.0,2680.0,787.0,2840.0,834.0,2440.0,717.0,,,,,,,,,,,,,,,,0,0.0
143,YAMAHA,KMV,,B4J-E8155-00-0000,"SHAFT, SHIFT 2",STKM12C,P,Co,15.0,10.3,2.35,103.0,C,,,,,1800.0,136.0,,,500.0,38.0,,,,,,,,,,,,,,,,0,0.0
144,YAMAHA,KMV,,2D1408-12(1)-0000,PIPE,STKM12C,P,Co,23.0,12.4,5.3,96.0,C,12001.0,2665.0,9600.0,2132.0,4900.0,1088.0,7200.0,1599.0,7200.0,1599.0,,,,,,,,,,,,,,,,0,0.0
145,YAMAHA,KMV,,BEB-28356-00L-000Y,PIPE 4,STKM13A,C,Khong,12.7,0.0,1.2,80.0,B,1651.0,45.0,,,1680.0,46.0,,,528.0,14.0,,,,,,,,,,,,,,,,0,0.0
146,SUZUKI,KMV,,52419-34K00-000Y,"PIPE, SPSN ARM LOWER CTR",STKM13A,C,Khong,12.7,0.0,1.2,144.0,B,,,1981.0,97.0,1512.0,74.0,1512.0,74.0,1512.0,74.0,,,,,,,,,,,,,,,,0,0.0
147,SUZUKI,KMV,SUZUKI,46414-31G10-000Y,"FENCE, FR CARRIER",STKM13A,C,Khong,12.7,0.0,1.2,241.0,B,,,,,169.0,14.0,165.0,14.0,160.0,13.0,,,,,,,,,,,,,,,,0,0.0
148,YAMAHA,KMV,,56163-34K00-001Y,"TUBE, HANDLE COVER BRACE",STKM13A,C,Khong,15.9,0.0,1.2,316.0,B,,,1010.0,139.0,756.0,104.0,756.0,104.0,756.0,104.0,,,,,,,,,,,,,,,,0,0.0
149,SUZUKI,KMV,SUZUKI,46412-34K00-000Y,"BRIDGE, FR CARRIER NO.1",STKM13A,C,Khong,17.3,0.0,1.2,810.0,B,,,1186.0,457.0,700.0,270.0,756.0,291.0,756.0,291.0,,,,,,,,,,,,,,,,0,0.0
150,SUZUKI,KMV,SUZUKI,43712-27H00-000Y,"TUBE, FRONT GRIP NO.1, R",STKM13A,P,Khong,19.1,0.0,1.4,280.0,B,,,,,316.0,54.0,320.0,55.0,320.0,55.0,,,,,,,,,,,,,,,,0,0.0
151,YAMAHA,KMV,,2ND-F119X-00-000Y,"PIPE,1",STKM13A,P,Khong,19.1,0.0,1.6,148.0,B,1224.0,125.0,1708.0,174.0,1422.0,145.0,1526.0,156.0,1200.0,123.0,,,,,,,,,,,,,,,,0,0.0
152,YAMAHA,KMV,,BYP-E8115-00-1-000Y,ROD SHIF,STKM13A,P,Khong,19.1,0.0,2.0,931.5,B,,,,,480.0,377.0,,,400.0,314.0,,,,,,,,,,,,,,,,0,0.0
153,SUZUKI,KMV,SUZUKI,46415-34K00-000Y,"LEG, FR CARRIER FR, R",STKM13A,P,Khong,22.2,0.0,1.4,120.0,B,,,2371.0,204.0,1400.0,121.0,1512.0,130.0,1512.0,130.0,,,,,,,,,,,,,,,,0,0.0
154,SUZUKI,KMV,SUZUKI,46416-34K00-000Y,"LEG, FR CARRIER RR",STKM13A,P,Khong,22.2,0.0,1.4,192.0,B,,,2400.0,331.0,1400.0,193.0,1512.0,208.0,1512.0,208.0,,,,,,,,,,,,,,,,0,0.0
155,SUZUKI,KMV,SUZUKI,43716-27H00-000Y,"TUBE, FRONT GRIP NO.3, R",STKM13A,P,Khong,22.2,0.0,1.4,256.0,B,,,,,330.0,61.0,330.0,61.0,330.0,61.0,,,,,,,,,,,,,,,,0,0.0
156,SUZUKI,KMV,SUZUKI,43994-34K00-000Y,"TUBE, FONT GRIP FTG, R",STKM13A,P,Khong,22.2,0.0,1.4,293.0,B,,,2727.0,574.0,1320.0,278.0,1512.0,318.0,1512.0,318.0,,,,,,,,,,,,,,,,0,0.0
157,SUZUKI,KMV,SUZUKI,43991-34K00-000Y,"TUBE, FONT GRIP",STKM13A,P,Khong,22.2,0.0,1.4,620.0,B,,,1362.0,606.0,660.0,294.0,756.0,337.0,756.0,337.0,,,,,,,,,,,,,,,,0,0.0
158,SUZUKI,KMV,SUZUKI,43992-34K00-000Y,"TUBE, FONT GRIP NO.1, R",STKM13A,P,Khong,22.2,0.0,1.4,641.0,B,,,2714.0,1249.0,1320.0,608.0,1512.0,696.0,1512.0,696.0,,,,,,,,,,,,,,,,0,0.0
159,SUZUKI,KMV,SUZUKI,46311-34K00-001Y,"TUBE, RR CARRIER FRAME, L",STKM13A,P,Khong,22.2,0.0,1.4,1306.0,B,,,2830.0,2654.0,1242.0,1165.0,1512.0,1418.0,1512.0,1418.0,,,,,,,,,,,,,,,,0,0.0
160,SUZUKI,KMV,SUZUKI,46311-31G32-001Y,"TUBE, RR CARRIER FRAME",STKM13A,P,Khong,22.2,0.0,1.4,2595.0,B,,,,,170.0,317.0,165.0,307.0,160.0,298.0,,,,,,,,,,,,,,,,0,0.0
161,SUZUKI,KMV,SUZUKI,46417-27H00-000Y,"LED, FR CARRIER REAR, R",STKM13A,P,Khong,22.2,0.0,1.6,175.0,B,,,,,380.0,54.0,330.0,47.0,270.0,38.0,,,,,,,,,,,,,,,,0,0.0
162,SUZUKI,KMV,SUZUKI,46415-27H00-000Y,"LEG, FR CARRIER FRONT, R",STKM13A,P,Khong,22.2,0.0,1.6,236.0,B,,,,,331.0,64.0,330.0,63.0,320.0,61.0,,,,,,,,,,,,,,,,0,0.0
163,SUZUKI,KMV,SUZUKI,46314-34K00-000Y,"LEG, RR CARRIER FRONT",STKM13A,P,Khong,25.4,0.0,1.4,105.0,B,,,2880.0,251.0,1242.0,108.0,1512.0,132.0,1512.0,132.0,,,,,,,,,,,,,,,,0,0.0
164,SUZUKI,KMV,SUZUKI,46314-27H00-000Y,"LEG, RR CARRIER FRONT, R",STKM13A,P,Khong,25.4,0.0,1.4,186.0,B,,,,,337.0,52.0,330.0,51.0,320.0,49.0,,,,,,,,,,,,,,,,0,0.0
165,SUZUKI,KMV,SUZUKI,46316-34K00-000Y,"LEG, RR CARRIER REAR, R",STKM13A,P,Khong,25.4,0.0,1.4,229.0,B,,,2820.0,535.0,1242.0,236.0,1512.0,287.0,1512.0,287.0,,,,,,,,,,,,,,,,0,0.0
166,SUZUKI,KMV,SUZUKI,46316-27H00-000Y,"LEG, RR CARRIER REAR, R",STKM13A,P,Khong,25.4,0.0,1.4,288.0,B,,,,,330.0,79.0,330.0,79.0,320.0,76.0,,,,,,,,,,,,,,,,0,0.0
167,YAMAHA,KMV,,2ND-F111J-00-000Y,"MBR., SIDE 1",STKM13A,P,Khong,25.4,0.0,2.0,369.0,B,1440.0,613.0,1516.0,646.0,1422.0,606.0,1526.0,650.0,1200.0,511.0,,,,,,,,,,,,,,,,0,0.0
168,SUZUKI,KMV,SUZUKI,43714-27H00-000Y,"TUBE, FRONT GRIP NO.2, R",STKM13A,P,Khong,28.6,0.0,1.4,266.0,B,,,,,301.0,75.0,330.0,82.0,330.0,82.0,,,,,,,,,,,,,,,,0,0.0
169,SUZUKI,KMV,,52438-31G10-0000,"BOSS, SPSN ARM PIVOT",STKM13A,P,Co,28.6,0.0,3.2,137.2,C,1.0,0.0,2160.0,594.0,1512.0,416.0,1512.0,416.0,1512.0,416.0,,,,,,,,,,,,,,,,0,0.0
170,YAMAHA,KMV,,2TD-F119Y-00-000Y,PIPE 2,STKM13A,P,Khong,31.8,0.0,1.6,620.0,B,552.0,408.0,216.0,160.0,447.0,330.0,401.0,296.0,600.0,443.0,,,,,,,,,,,,,,,,0,0.0
171,SUZUKI,KMV,SUZUKI,43711-27H00-000Y,"TUBE, FRONT GRIP",STKM13A,P,Khong,31.8,0.0,1.6,1097.0,B,,,,,160.0,209.0,160.0,209.0,160.0,209.0,,,,,,,,,,,,,,,,0,0.0
172,YAMAHA,KMV,,B4J-F840D-00-000Y,"PIPE, 3",STKM13A,P,Khong,31.8,0.0,2.3,844.0,B,360.0,508.0,,,706.0,997.0,360.0,508.0,370.0,522.0,,,,,,,,,,,,,,,,0,0.0
173,YAMAHA,KMV,,J0P-K8121-00-000Y,REINF,STKM13A,P,Khong,32.0,32.0,2.3,1190.0,B,,,,,,,19.0,50.0,60.0,157.0,,,,,,,,,,,,,,,,0,0.0
174,YAMAHA,KMV,,B4J-F840B-00-000Y,"PIPE,1",STKM13A,P,Khong,38.1,0.0,2.3,377.0,B,,,,,1754.0,1343.0,1200.0,919.0,770.0,590.0,,,,,,,,,,,,,,,,0,0.0
175,YAMAHA,KMV,,J0G-F3315-00-000Y,"MBR.,CROSS",STKM13A,P,Khong,38.1,0.0,2.3,426.0,B,1004.0,869.0,1623.0,1404.0,2160.0,1869.0,4340.0,3755.0,1170.0,1012.0,,,,,,,,,,,,,,,,0,0.0
176,SUZUKI,KMV,,52417-19B00-000Y,"BOSS, SPSN ARM LOWER PVT",STKM13A,P,Co,41.0,0.0,3.5,33.0,A,14.0,1.0,4320.0,461.0,3024.0,323.0,3024.0,323.0,3024.0,323.0,,,,,,,,,,,,,,,,0,0.0
177,YAMAHA,KMV,,B4J-F841D-00-000Y,"PIPE, 3",STKM13A,P,Khong,45.0,0.0,2.3,963.0,B,,,,,146.0,341.0,,,30.0,70.0,,,,,,,,,,,,,,,,0,0.0
178,YAMAHA,KMV,,3S4-F1115-00-000Y,PIPE MAIN,STKM13A,P,Khong,48.6,0.0,3.2,701.0,B,7851.0,19719.0,7652.0,19219.0,9352.0,23489.0,8164.0,20505.0,8191.0,20573.0,,,,,,,,,,,,,,,,0,0.0
179,YAMAHA,KMV,,2TD-F1191-00-000Y,DOWN TUBE 1,STKM13A,P,Khong,60.5,0.0,2.0,1036.0,B,249.0,744.0,126.0,377.0,228.0,681.0,201.0,601.0,300.0,897.0,,,,,,,,,,,,,,,,0,0.0
180,YAMAHA,KMV,,TM-784A-1-2-0000,BRACKET,STKM13C,P,Co,46.0,38.0,4.0,38.0,C,4002.0,630.0,5620.0,885.0,15792.0,2486.0,14112.0,2222.0,13440.0,2116.0,,,,,,,,,,,,,,,,0,0.0
181,HONDA USA,KMV,,51374-HS0-AF00-H1-000Y,"PIPE,UPPER ARM",STKM14B,P,Khong,22.2,0.0,1.6,500.0,B,,,719.0,292.0,719.0,292.0,719.0,292.0,719.0,292.0,,,,,,,,,,,,,,,,0,0.0
182,YAMAHA,KMV,,2TD-F119X-00-000Y,PIPE 1,STKMHT490,P,Khong,15.9,0.0,1.6,279.0,B,486.0,76.0,244.0,38.0,472.0,74.0,400.0,63.0,600.0,94.0,,,,,,,,,,,,,,,,0,0.0
183,YAMAHA,KMV,,B8K-K7173-00-000Y,LEVEL LATCH 1,STKMHT490,P,Khong,15.9,0.0,1.6,1677.0,B,800.0,757.0,200.0,189.0,1000.0,946.0,400.0,378.0,600.0,567.0,,,,,,,,,,,,,,,,0,0.0
184,YAMAHA,KMV,,B5V-F119Y-00-000Y,PIPE 2,STKMHT490,P,Khong,19.1,0.0,1.6,163.0,B,12868.0,1447.0,21210.0,2385.0,16810.0,1891.0,16410.0,1846.0,14800.0,1665.0,,,,,,,,,,,,,,,,0,0.0
185,YAMAHA,KMV,,2TD-F116F-00-000Y,STAY REAR,STKMHT490,P,Khong,19.1,0.0,1.6,297.0,B,504.0,103.0,256.0,52.0,452.0,93.0,400.0,82.0,600.0,123.0,,,,,,,,,,,,,,,,0,0.0
186,YAMAHA,KMV,,BG4-F3851-00-000Y,ARM OUT SIDE 1,STKMHT490,P,Khong,19.1,0.0,2.0,266.0,B,754.0,169.0,,,800.0,179.0,,,1000.0,224.0,,,,,,,,,,,,,,,,0,0.0
187,YAMAHA,KMV,,BKP-F3851-00-000Y,"ARM, OUT SIDE 1",STKMHT490,P,Khong,19.1,0.0,2.0,275.0,B,,,,,1558.0,361.0,800.0,185.0,800.0,185.0,,,,,,,,,,,,,,,,0,0.0
188,YAMAHA,KMV,,B4J-F4315-00-000Y,PIPE 5,STKMHT490,P,Khong,19.1,0.0,2.0,418.0,B,769.0,271.0,240.0,85.0,1840.0,648.0,3560.0,1254.0,,,,,,,,,,,,,,,,,,0,0.0
189,YAMAHA,KMV,,BYP-F4312-00-000Y,"PIPE, 2",STKMHT490,P,Khong,19.1,0.0,2.0,604.0,B,399.0,203.0,,,,,800.0,407.0,400.0,204.0,,,,,,,,,,,,,,,,0,0.0
190,YAMAHA,KMV,,BYP-F4316-00-000Y,"PIPE, 6",STKMHT490,P,Khong,19.1,0.0,2.0,628.0,B,399.0,211.0,,,,,800.0,424.0,400.0,212.0,,,,,,,,,,,,,,,,0,0.0
191,YAMAHA,KMV,,B4J-F4314-00-000Y,PIPE 4,STKMHT490,P,Khong,19.1,0.0,2.0,726.0,B,398.0,244.0,240.0,147.0,1840.0,1126.0,2360.0,1444.0,,,,,,,,,,,,,,,,,,0,0.0
192,YAMAHA,KMV,,BYP-F4322-00-000Y,"PIPE, 11",STKMHT490,P,Khong,19.1,0.0,2.0,893.0,B,154.0,116.0,,,,,450.0,339.0,200.0,151.0,,,,,,,,,,,,,,,,0,0.0
193,YAMAHA,KMV,,BYP-F4321-00-000Y,"PIPE, 10",STKMHT490,P,Khong,19.1,0.0,2.0,1020.0,B,265.0,228.0,,,,,400.0,344.0,200.0,172.0,,,,,,,,,,,,,,,,0,0.0
194,YAMAHA,KMV,,B4J-F4312-00-000Y,"PIPE, 2",STKMHT490,P,Khong,19.1,0.0,2.0,1282.0,B,401.0,433.0,320.0,346.0,1760.0,1902.0,960.0,1037.0,1400.0,1513.0,,,,,,,,,,,,,,,,0,0.0
195,YAMAHA,KMV,,BYP-F116X-00-000Y,"PIPE, 3",STKMHT490,P,Khong,22.2,0.0,1.6,1208.0,B,216.0,212.0,,,,,770.0,756.0,400.0,393.0,,,,,,,,,,,,,,,,0,0.0
196,YAMAHA,KMV,,BG4-F486H-00-000Y,"LOWER STAY., 1",STKMHT490,P,Khong,22.2,0.0,2.3,331.0,B,400.0,149.0,160.0,60.0,940.0,351.0,1100.0,411.0,2200.0,822.0,,,,,,,,,,,,,,,,0,0.0
197,YAMAHA,KMV,,BG4-F6136-00-000Y,PIPE 2,STKMHT490,P,Khong,22.2,0.0,2.3,484.0,B,400.0,219.0,160.0,87.0,940.0,514.0,1100.0,601.0,2200.0,1202.0,,,,,,,,,,,,,,,,0,0.0
198,YAMAHA,KMV,,J0G-K8361-00-000Y,ARMREST 1,STKMHT490,P,Khong,22.2,0.0,2.3,845.0,B,200.0,191.0,210.0,200.0,410.0,391.0,200.0,191.0,420.0,401.0,,,,,,,,,,,,,,,,0,0.0
199,YAMAHA,KMV,,J0G-K8362-00-000Y,ARMREST 2,STKMHT490,P,Khong,22.2,0.0,2.3,875.0,B,200.0,198.0,220.0,217.0,490.0,484.0,200.0,198.0,420.0,415.0,,,,,,,,,,,,,,,,0,0.0
200,YAMAHA,KMV,,BRN-21816-00-000Y,"PIPE, 1",STKMHT490,P,Khong,25.4,0.0,1.6,129.0,B,7231.0,876.0,3012.0,365.0,5120.0,620.0,2048.0,248.0,2700.0,327.0,,,,,,,,,,,,,,,,0,0.0
201,YAMAHA,KMV,,2TD-F1198-00-000Y,CROSS TUBE 3,STKMHT490,P,Khong,25.4,0.0,1.6,355.0,B,488.0,163.0,244.0,81.0,421.0,140.0,401.0,134.0,600.0,200.0,,,,,,,,,,,,,,,,0,0.0
202,YAMAHA,KMV,,B5Y-21195-00-000Y,SEAT RAIL 1,STKMHT490,P,Co,25.4,0.0,1.6,647.0,B,,,,,,,,,88.0,53.0,,,,,,,,,,,,,,,,0,0.0
203,YAMAHA,KMV,,B5U-21816-00-000Y,"PIPE, 1",STKMHT490,P,Khong,25.4,0.0,2.0,136.0,B,,,,,,,,,163.0,26.0,,,,,,,,,,,,,,,,0,1.0
204,YAMAHA,KMV,,BRN-21123-00-000Y,"BACK, STAY LH.",STKMHT490,P,Co,28.6,0.0,1.6,595.0,B,3747.0,2374.0,3012.0,1909.0,5120.0,3244.0,4748.0,3009.0,,,,,,,,,,,,,,,,,,0,0.0
205,YAMAHA,KMV,,B67-21123-00-000Y,BACK STAY LH,STKMHT490,P,Co,28.6,0.0,2.0,326.0,B,,,,,,,,,88.0,38.0,,,,,,,,,,,,,,,,0,0.0
206,YAMAHA,KMV,,BEA-21123-00-000Y,"BACK, STAY LH",STKMHT490,P,Co,28.6,0.0,2.0,388.0,B,1756.0,894.0,,,1700.0,865.0,,,1150.0,585.0,,,,,,,,,,,,,,,,0,0.0
207,YAMAHA,KMV,,B5U-21123-00-000Y,"BLACK, STAY LH",STKMHT490,P,Co,28.6,0.0,2.0,594.0,B,,,,,,,,,172.0,134.0,,,,,,,,,,,,,,,,0,1.0
208,YAMAHA,KMV,,BEA-21195-00-000Y,SEAT RAIL 1,STKMHT490,P,Co,28.6,0.0,2.0,664.0,B,,,,,,,,,400.0,348.0,,,,,,,,,,,,,,,,0,0.0
209,YAMAHA,KMV,,BRN-21195-00-000Y,"SEAT , RAIL 1",STKMHT490,P,Co,28.6,0.0,2.0,859.0,B,5761.0,6493.0,3072.0,3462.0,5120.0,5770.0,2048.0,2308.0,2700.0,3043.0,,,,,,,,,,,,,,,,0,0.0
210,YAMAHA,KMV,,J0P-K8423-00-1-000Y,PIPE,STKMHT490,P,Khong,28.6,0.0,2.0,1254.0,B,,,,,,,66.0,109.0,,,,,,,,,,,,,,,,,,0,1.0
211,YAMAHA,KMV,,J0G-F6135-00-000Y,PIPE 1,STKMHT490,P,Khong,28.6,0.0,2.0,2075.0,B,400.0,1089.0,430.0,1171.0,900.0,2450.0,400.0,1089.0,840.0,2287.0,,,,,,,,,,,,,,,,0,0.0
212,YAMAHA,KMV,,B4J-F6135-00-000Y,"PIPE, 1",STKMHT490,P,Khong,28.6,0.0,2.0,2083.0,B,408.0,1115.0,1100.0,3006.0,1100.0,3006.0,2200.0,6012.0,,,,,,,,,,,,,,,,,,0,0.0
213,YAMAHA,KMV,,BYP-F1423-00-000Y,"TUBE, CROSS",STKMHT490,P,Khong,38.1,0.0,1.6,1165.0,B,334.0,560.0,,,,,280.0,470.0,200.0,336.0,,,,,,,,,,,,,,,,0,0.0
214,YAMAHA,KMV,,2TD-F1123-00-000Y,BACKSTAY LH,STKMHT490,P,Khong,38.1,0.0,1.8,1285.0,B,1008.0,2087.0,456.0,944.0,935.0,1936.0,801.0,1658.0,1200.0,2484.0,,,,,,,,,,,,,,,,0,0.0
215,YAMAHA,KMV,,BJ7-F1191-00-000Y,DOWN TUBE 1,STKMHT490,P,Khong,45.0,0.0,2.3,1195.0,B,1613.0,4668.0,2686.0,7774.0,5502.0,15924.0,5604.0,16220.0,4900.0,14182.0,,,,,,,,,,,,,,,,0,0.0
216,YAMAHA,KMV,,B63-F1191-00-000Y,DOWN TUBE 1,STKMHT490,P,Khong,45.0,0.0,2.3,1220.0,B,253.0,748.0,295.0,872.0,267.0,789.0,1106.0,3268.0,1050.0,3103.0,,,,,,,,,,,,,,,,0,0.0
217,YAMAHA,KMV,,B63-F1192-00-000Y,DOWN TUBE 2,STKMHT490,P,Khong,45.0,0.0,2.3,1260.0,B,170.0,519.0,342.0,1044.0,267.0,815.0,1106.0,3375.0,1050.0,3204.0,,,,,,,,,,,,,,,,0,0.0
218,SUZUKI,KMV,SUZUKI,46412-31G11-000Y,"BRIDGE, FR CARRIER NO.1",STKMHT590,C,Khong,17.3,0.0,1.2,808.0,B,,,,,170.0,65.0,165.0,63.0,160.0,62.0,,,,,,,,,,,,,,,,0,0.0
219,SUZUKI,KMV,SUZUKI,46414-34K00-000Y,"TUBE, FR CARRIER FRAME RR",STKMHT590,C,Khong,19.1,0.0,1.2,650.0,B,,,1185.0,408.0,700.0,241.0,756.0,260.0,756.0,260.0,,,,,,,,,,,,,,,,0,0.0
220,SUZUKI,KMV,SUZUKI,46312-34K00-000Y,"BRIDGE, RR CARRIER NO.1",STKMHT590,C,Khong,19.1,0.0,1.2,916.0,B,,,1420.0,689.0,816.0,396.0,921.0,447.0,891.0,433.0,,,,,,,,,,,,,,,,0,0.0
221,SUZUKI,KMV,SUZUKI,46411-34K00-000Y,"TUBE, FR CARRIER FRAME FR",STKMHT590,C,Khong,19.1,0.0,1.2,1561.0,B,535.0,443.0,650.0,538.0,700.0,579.0,756.0,625.0,756.0,625.0,,,,,,,,,,,,,,,,0,0.0
222,SUZUKI,KMV,SUZUKI,46411-31G12-000Y,"TUBE, FR CARRIER NAME",STKMHT590,C,Khong,19.1,0.0,1.2,2180.0,B,,,,,167.0,193.0,165.0,191.0,160.0,185.0,,,,,,,,,,,,,,,,0,0.0
223,HONDA USA,KMV,,51374-HS1-A100-H1-000Y,"PIPE,UPPER ARM",STKMHT590,P,Khong,19.1,0.0,1.5,521.0,B,,,294.0,100.0,294.0,100.0,294.0,100.0,294.0,100.0,,,,,,,,,,,,,,,,0,0.0
224,YAMAHA,KMV,,BB5-F3371-00-000Y,"ARM, 2",STKMHT590,P,Khong,19.1,0.0,1.6,236.0,B,780.0,127.0,780.0,127.0,2760.0,449.0,780.0,127.0,1180.0,192.0,,,,,,,,,,,,,,,,0,0.0
225,YAMAHA,KMV,,2LS-F3371-00-000Y,"ARM, 1",STKMHT590,P,Khong,19.1,0.0,1.6,296.0,B,975.0,199.0,,,1920.0,392.0,960.0,196.0,825.0,168.0,,,,,,,,,,,,,,,,0,0.0
226,YAMAHA,KMV,,2LS-F3543-00-000Y,"ARM, 1",STKMHT590,P,Khong,19.1,0.0,1.6,306.0,B,978.0,206.0,,,1920.0,405.0,960.0,203.0,825.0,174.0,,,,,,,,,,,,,,,,0,0.0
227,YAMAHA,KMV,,1TD-F3375-00-000Y,"ARM, 1",STKMHT590,P,Khong,19.1,0.0,1.6,362.0,B,450.0,112.0,,,650.0,162.0,270.0,67.0,320.0,80.0,,,,,,,,,,,,,,,,0,0.0
228,YAMAHA,KMV,,1TD-F3361-00-000Y,"ARM, 1",STKMHT590,P,Khong,19.1,0.0,1.6,380.0,B,423.0,111.0,,,650.0,170.0,270.0,71.0,320.0,84.0,,,,,,,,,,,,,,,,0,0.0
229,YAMAHA,KMV,,2BG-F3371-00-000Y,"ARM, 1",STKMHT590,P,Khong,19.1,0.0,2.0,276.0,B,1100.0,256.0,1100.0,256.0,2200.0,512.0,,,1000.0,233.0,,,,,,,,,,,,,,,,0,0.0
230,YAMAHA,KMV,,2BG-F2155-00-000Y,PIPE,STKMHT590,P,Khong,19.1,0.0,2.0,634.0,B,2251.0,1203.0,900.0,481.0,1800.0,962.0,1350.0,722.0,850.0,454.0,,,,,,,,,,,,,,,,0,0.0
231,SUZUKI,KMV,,52431-31G00-000Y,"PIPE, SPSN ARM UPPER FR",STKMHT590,P,Khong,22.2,0.0,1.6,210.0,B,,,2087.0,356.0,1512.0,258.0,1512.0,258.0,1512.0,258.0,,,,,,,,,,,,,,,,0,0.0
232,YAMAHA,KMV,,2BG-F3563-00-000Y,"ARM, FR. 2",STKMHT590,P,Khong,22.2,0.0,1.6,348.0,B,1890.0,535.0,2160.0,611.0,2430.0,688.0,1080.0,306.0,1460.0,413.0,,,,,,,,,,,,,,,,0,0.0
233,HONDA USA,KMV,,51354-HS0-AF00-H1-000Y,PIPE CROSS,STKMHT590,P,Khong,22.2,0.0,2.0,155.0,B,,,763.0,118.0,763.0,118.0,763.0,118.0,763.0,118.0,,,,,,,,,,,,,,,,0,0.0
234,HONDA USA,KMV,,51354-HS1-A100-H1-000Y,PIPE A FR LWR,STKMHT590,P,Khong,22.2,0.0,2.0,159.0,B,,,292.0,46.0,293.0,46.0,293.0,46.0,293.0,46.0,,,,,,,,,,,,,,,,0,0.0
235,HONDA USA,KMV,,51356-HS0-AF00-H1-000Y,"PIPE, FR ARM",STKMHT590,P,Khong,22.2,0.0,2.0,232.0,B,,,1526.0,353.0,1526.0,353.0,1526.0,353.0,1526.0,353.0,,,,,,,,,,,,,,,,0,0.0
236,HONDA USA,KMV,,51356-HS1-A100-H1-000Y,PIPE B FR LWR,STKMHT590,P,Khong,22.2,0.0,2.0,243.0,B,40.0,10.0,564.0,137.0,586.0,142.0,586.0,142.0,586.0,142.0,,,,,,,,,,,,,,,,0,0.0
237,HONDA USA,KMV,,51354-HR3N-HA00-H1-000Y,"PIPE A, FR ARM R",STKMHT590,P,Khong,22.2,0.0,2.0,280.0,B,,,5974.0,1666.0,5978.0,1667.0,5978.0,1667.0,5978.0,1667.0,,,,,,,,,,,,,,,,0,0.0
238,HONDA USA,KMV,,51355-HR3N-HA00-H1-000Y,"PIPE B, FR ARM",STKMHT590,P,Khong,22.2,0.0,2.0,285.0,B,,,6398.0,1816.0,6418.0,1822.0,6418.0,1822.0,6418.0,1822.0,,,,,,,,,,,,,,,,0,0.0
239,YAMAHA,KMV,,51354-HS2G-A500-H1-000Y,"PIPE A, FR ARM R",STKMHT590,P,Khong,22.2,0.0,2.0,299.0,B,,,,,,,230.0,68.0,440.0,131.0,,,,,,,,,,,,,,,,0,0.0
240,HONDA USA,KMV,,51355-HR6M-MF00-H1-000Y,"PIPE B, FR ARM",STKMHT590,P,Khong,22.2,0.0,2.0,306.0,B,1596.0,486.0,4358.0,1328.0,5960.0,1816.0,5960.0,1816.0,5960.0,1816.0,,,,,,,,,,,,,,,,0,0.0
241,HONDA USA,KMV,,51354-HR6M-MF00-H1-000Y,"PIPE A, FR ARM R",STKMHT590,P,Khong,22.2,0.0,2.0,310.0,B,1584.0,489.0,4358.0,1346.0,5960.0,1840.0,5960.0,1840.0,5960.0,1840.0,,,,,,,,,,,,,,,,0,0.0
242,SUZUKI,KMV,,52411-34K00-000Y,"PIPE, SPSN ARM LOWER",STKMHT590,P,Khong,22.2,0.0,2.0,570.0,B,,,1990.0,1130.0,1512.0,858.0,1512.0,858.0,1512.0,858.0,,,,,,,,,,,,,,,,0,0.0
243,HONDA USA,KMV,,52351-HL5-E600-22-000Y,PIPE CROSS RR LOWER,STKMHT590,P,Khong,22.2,0.0,2.3,188.0,B,,,387.0,82.0,408.0,87.0,408.0,87.0,408.0,87.0,,,,,,,,,,,,,,,,0,0.0
244,HONDA USA,KMV,,52351-HL5-E600-21-000Y,"PIPE , MAIN RR LOWER",STKMHT590,P,Khong,22.2,0.0,2.3,619.0,B,,,387.0,270.0,408.0,285.0,408.0,285.0,408.0,285.0,,,,,,,,,,,,,,,,0,0.0
245,YAMAHA,KMV,,BB5-F6111-02-000Y,HANDLE COMP,STKMHT590,P,Khong,22.2,0.0,2.3,1030.0,C,801.0,931.0,400.0,465.0,1000.0,1163.0,600.0,698.0,800.0,930.0,,,,,,,,,,,,,,,,0,0.0
246,YAMAHA,KMV,,BB5-F3361-00-000Y,"ARM, 1",STKMHT590,P,Khong,25.4,0.0,1.6,222.0,B,780.0,163.0,780.0,163.0,2760.0,575.0,780.0,163.0,1180.0,246.0,,,,,,,,,,,,,,,,0,0.0
247,YAMAHA,KMV,,2BG-F3361-00-000Y,"ARM, 1",STKMHT590,P,Khong,25.4,0.0,1.6,266.0,B,1100.0,275.0,1100.0,275.0,2200.0,550.0,,,1000.0,250.0,,,,,,,,,,,,,,,,0,0.0
248,YAMAHA,KMV,,2BG-F218Y-00-000Y,"PIPE, ARM 1",STKMHT590,P,Co,25.4,0.0,1.6,410.0,B,700.0,269.0,2000.0,770.0,1030.0,397.0,220.0,85.0,1000.0,385.0,,,,,,,,,,,,,,,,0,0.0
249,HONDA USA,KMV,,51376-HR3N-HA00-H1-000Y,PIPE A FR UPPER ARM,STKMHT590,P,Khong,25.4,0.0,2.0,226.0,B,,,5897.0,1538.0,5897.0,1538.0,5897.0,1538.0,5897.0,1538.0,,,,,,,,,,,,,,,,0,0.0
250,HONDA USA,KMV,,51376-HR6M-MF00-H1-000Y,PIPE A FR UPPER ARM,STKMHT590,P,Khong,25.4,0.0,2.0,249.0,B,1692.0,486.0,5385.0,1547.0,6071.0,1744.0,5751.0,1653.0,5369.0,1543.0,,,,,,,,,,,,,,,,0,0.0
251,HONDA USA,KMV,,51377-HR3N-HA00-H1-000Y,PIPE B FR UPPER ARM,STKMHT590,P,Khong,25.4,0.0,2.0,264.0,B,,,5897.0,1797.0,5897.0,1797.0,5897.0,1797.0,5897.0,1797.0,,,,,,,,,,,,,,,,0,0.0
252,HONDA USA,KMV,,51377-HR6-MF00-H1-000Y,"PIPE B,FR UPPER ARM",STKMHT590,P,Khong,25.4,0.0,2.0,288.0,B,494.0,164.0,6585.0,2189.0,6071.0,2018.0,5751.0,1911.0,5369.0,1784.0,,,,,,,,,,,,,,,,0,0.0
253,HONDA USA,KMV,,51371-HL5-E600-20-000Y,"PIPE A, FR UPPER ARM",STKMHT590,P,Khong,25.4,0.0,2.3,177.0,B,,,326.0,76.0,336.0,78.0,336.0,78.0,336.0,78.0,,,,,,,,,,,,,,,,0,0.0
254,YAMAHA,KMV,,BB5-F3562-00-000Y,"ARM, FR1",STKMHT590,P,Khong,25.4,0.0,2.3,286.0,B,3000.0,1124.0,2400.0,899.0,4800.0,1798.0,2400.0,899.0,3200.0,1199.0,,,,,,,,,,,,,,,,0,0.0
255,HONDA USA,KMV,,51351-HL5-E600-20-000Y,"PIPE A, FR. ARM",STKMHT590,P,Khong,25.4,0.0,2.3,346.5,B,,,322.0,146.0,338.0,153.0,338.0,153.0,338.0,153.0,,,,,,,,,,,,,,,,0,0.0
256,YAMAHA,KMV,,1XD-F3562-00-000Y,"ARM, FR. 1",STKMHT590,P,Khong,25.4,0.0,2.3,401.0,B,1600.0,840.0,1600.0,840.0,1600.0,840.0,800.0,420.0,720.0,378.0,,,,,,,,,,,,,,,,0,0.0
257,YAMAHA,KMV,,J0B-F2155-00-000Y,PIPE,STKMHT590,P,Khong,25.4,0.0,2.3,433.0,B,3000.0,1702.0,8200.0,4651.0,10800.0,6126.0,4100.0,2326.0,3620.0,2053.0,,,,,,,,,,,,,,,,0,0.0
258,HONDA USA,KMV,,51371-HL5-E600-21-000Y,"PIPE A, FR UPPER ARM",STKMHT590,P,Khong,25.4,0.0,2.3,440.0,B,,,164.0,95.0,168.0,97.0,168.0,97.0,168.0,97.0,,,,,,,,,,,,,,,,0,0.0
259,YAMAHA,KMV,,1XD-F2155-00-000Y,PIPE,STKMHT590,P,Khong,25.4,0.0,2.3,696.0,B,199.0,181.0,800.0,729.0,1000.0,912.0,600.0,547.0,360.0,328.0,,,,,,,,,,,,,,,,0,0.0
260,HONDA USA,KMV,,52371-HL5-E600-21-000Y,PIPE CROSS RR UPPER,STKMHT590,P,Khong,25.4,0.0,2.6,228.5,B,,,392.0,131.0,368.0,123.0,368.0,123.0,368.0,123.0,,,,,,,,,,,,,,,,0,0.0
261,HONDA USA,KMV,,52371-HL5-E600-20-000Y,"PIPE , MAN RR UPPER",STKMHT590,P,Khong,25.4,0.0,2.6,516.0,B,,,388.0,293.0,368.0,278.0,368.0,278.0,368.0,278.0,,,,,,,,,,,,,,,,0,0.0
262,YAMAHA,KMV,,1PE-F3562-00-000Y,ARM FR1,STKMHT590,P,Khong,28.6,0.0,1.6,341.0,B,1640.0,596.0,1060.0,385.0,2160.0,784.0,720.0,261.0,800.0,291.0,,,,,,,,,,,,,,,,0,0.0
263,YAMAHA,KMV,,1PE-F3564-00-000Y,ARM FR3,STKMHT590,P,Khong,28.6,0.0,1.6,363.0,B,1650.0,638.0,1050.0,406.0,2160.0,835.0,720.0,278.0,800.0,309.0,,,,,,,,,,,,,,,,0,0.0
264,YAMAHA,KMV,,BG4-F3543-00-000Y,ARM FR1,STKMHT590,P,Khong,28.6,0.0,2.3,250.0,B,460.0,172.0,,,320.0,119.0,,,770.0,287.0,,,,,,,,,,,,,,,,0,0.0
265,YAMAHA,KMV,,1XD-F3544-00-000Y,"ARM, 1",STKMHT590,P,Khong,28.6,0.0,2.3,268.0,B,320.0,128.0,640.0,256.0,720.0,288.0,640.0,256.0,160.0,64.0,,,,,,,,,,,,,,,,0,0.0
266,YAMAHA,KMV,,BG4-F382E-00-000Y,ARM FR1,STKMHT590,P,Khong,28.6,0.0,2.3,280.0,B,460.0,192.0,,,320.0,134.0,,,770.0,322.0,,,,,,,,,,,,,,,,0,0.0
267,YAMAHA,KMV,,BB5-F2155-00-000Y,PIPE,STKMHT590,P,Khong,28.6,0.0,2.3,281.0,B,1440.0,604.0,160.0,67.0,1840.0,771.0,1360.0,570.0,1600.0,671.0,,,,,,,,,,,,,,,,0,0.0
268,YAMAHA,KMV,,1XD-F3543-00-000Y,"ARM, 1",STKMHT590,P,Khong,28.6,0.0,2.3,296.0,B,320.0,141.0,640.0,283.0,720.0,318.0,640.0,283.0,160.0,71.0,,,,,,,,,,,,,,,,0,0.0
269,YAMAHA,KMV,,BG4-F3562-00-000Y,ARM FR1,STKMHT590,P,Khong,28.6,0.0,2.3,383.0,B,1696.0,969.0,,,764.0,437.0,,,1600.0,914.0,,,,,,,,,,,,,,,,0,1.0
270,YAMAHA,KMV,,2MB-F3562-00-000Y,"ARM, FR. 1",STKMHT590,P,Khong,28.6,0.0,2.3,401.0,B,108.0,65.0,,,,,,,,,,,,,,,,,,,,,,,,0,1.0
271,YAMAHA,KMV,,BAR-F254C-00-000Y,"PIPE, 2",STKMHT590,P,Khong,28.6,0.0,2.3,425.0,B,,,,,240.0,152.0,,,800.0,507.0,,,,,,,,,,,,,,,,0,0.0
272,YAMAHA,KMV,,BB5-F218Y-00-000Y,"PIPE, ARM 1",STKMHT590,P,Khong,28.6,0.0,2.3,483.0,B,1440.0,1038.0,160.0,115.0,1840.0,1326.0,1360.0,980.0,1600.0,1153.0,,,,,,,,,,,,,,,,0,0.0
273,YAMAHA,KMV,,BAR-F2155-00-000Y,PIPE,STKMHT590,P,Khong,28.6,0.0,2.3,565.0,B,,,,,240.0,202.0,,,800.0,674.0,,,,,,,,,,,,,,,,0,0.0
274,YAMAHA,KMV,,BMG-21185-00-000Y,SEAT RAIL 1,STKMHT590,P,Co,28.6,0.0,2.3,664.0,B,1790.0,1773.0,1674.0,1658.0,,,778.0,771.0,,,,,,,,,,,,,,,,,,0,0.0
275,HONDA USA,KMV,,52356-HR6M-MF00-H1-000Y,"PIPE A, LOWER ARM",STKMHT590,P,Khong,28.6,0.0,2.6,221.0,B,,,6592.0,2429.0,6592.0,2429.0,6592.0,2429.0,6592.0,2429.0,,,,,,,,,,,,,,,,0,0.0
276,YAMAHA,KMV,,B5V-F1185-00-000Y,SEAT RAIL 2,STKMHT590,P,Khong,31.8,0.0,1.6,745.0,B,12190.0,10825.0,22210.0,19723.0,16810.0,14928.0,16410.0,14573.0,14800.0,13143.0,,,,,,,,,,,,,,,,0,0.0
277,YAMAHA,KMV,,2BG-F3562-00-000Y,"ARM, FR. 1",STKMHT590,P,Khong,31.8,0.0,2.0,303.0,B,1890.0,842.0,2160.0,962.0,2430.0,1082.0,1080.0,481.0,1460.0,650.0,,,,,,,,,,,,,,,,0,0.0
278,YAMAHA,KMV,,B4M-F119Y-00-000Y,"PIPE, 2",STKMHT590,P,Khong,31.8,0.0,2.0,461.0,B,250.0,169.0,,,240.0,163.0,680.0,461.0,400.0,271.0,,,,,,,,,,,,,,,,0,0.0
279,YAMAHA,KMV,,B4M-F119X-00-000Y,"PIPE, 1",STKMHT590,P,Khong,31.8,0.0,2.0,594.0,B,250.0,218.0,,,240.0,210.0,680.0,594.0,400.0,349.0,,,,,,,,,,,,,,,,0,0.0
280,YAMAHA,KMV,,BFN-F382E-00-000Y,Non-YMVN,STKMHT590,P,Khong,35.0,0.0,2.6,308.0,B,,,,,300.0,192.0,,,300.0,192.0,,,,,,,,,,,,,,,,0,0.0
281,YAMAHA,KMV,,BFN-F3562-00-000Y,Non-YMVN,STKMHT590,P,Khong,35.0,0.0,2.6,432.0,B,399.0,358.0,320.0,287.0,880.0,790.0,,,400.0,359.0,,,,,,,,,,,,,,,,0,0.0
282,YAMAHA,KMV,,B4J-F3562-00-000Y,"ARM, 1",STKMHT590,P,Khong,35.0,0.0,2.6,463.0,B,295.0,284.0,,,1140.0,1096.0,960.0,923.0,600.0,577.0,,,,,,,,,,,,,,,,0,0.0
283,YAMAHA,KMV,,B4J-F3564-00-000Y,"ARM, 3",STKMHT590,P,Khong,35.0,0.0,2.6,492.5,B,315.0,322.0,,,1134.0,1160.0,960.0,982.0,600.0,614.0,,,,,,,,,,,,,,,,0,0.0
284,YAMAHA,KMV,,1XD-F218Y-00-000Y,"PIPE, ARM 1",STKMHT590,P,Khong,35.0,0.0,2.6,765.0,B,481.0,764.0,1200.0,1907.0,1200.0,1907.0,960.0,1525.0,160.0,254.0,,,,,,,,,,,,,,,,0,0.0
285,YAMAHA,KMV,,BAR-F218Y-00-000Y,PIPE ARM 1,STKMHT590,P,Khong,35.0,0.0,2.6,897.0,B,,,,,200.0,373.0,,,800.0,1490.0,,,,,,,,,,,,,,,,0,0.0
286,YAMAHA,KMV,,BYP-F2523-00-000Y,"MBR., SIDE 3",STKMHT590,P,Co,50.8,0.0,2.3,730.2,B,,,,,133.0,267.0,160.0,321.0,400.0,804.0,,,,,,,,,,,,,,,,0,0.0
287,HONDA USA,KMV,HN8,53100-HN8-B400-001Y,"PIPE, STRG HANDLE",STKM-HT590,P,Khong,22.2,0.0,2.0,980.0,C,,,224.0,219.0,240.0,234.0,240.0,234.0,240.0,234.0,,,,,,,,,,,,,,,,0,0.0
288,HONDA USA,KMV,HL5,50107-HL5-K000-AA-000Y,"PIPE R, FR ARM MODIFY",STKM-HT590,P,Khong,31.8,0.0,2.6,377.0,B,,,,,393.0,277.0,600.0,423.0,600.0,423.0,,,,,,,,,,,,,,,,0,0.0
289,HONDA USA,KMV,HL4,50104-HL4-AK00-H1-000Y,"PIPE, FR ARM",STKM-HT590,P,Khong,31.8,0.0,3.2,270.0,B,,,2258.0,1376.0,2760.0,1682.0,2760.0,1682.0,2760.0,1682.0,,,,,,,,,,,,,,,,0,0.0
290,HONDA USA,KMV,HL4,50102-HL4-AK00-H1-000Y,"PIPE, R FR SIDE",STKM-HT590,P,Khong,35.0,0.0,2.0,1395.0,B,747.0,1696.0,1375.0,3123.0,2400.0,5451.0,2400.0,5451.0,2400.0,5451.0,,,,,,,,,,,,,,,,0,0.0
291,HONDA USA,KMV,HL8,50102-HL8-A100-H1-000Y,"PIPE, R FR SIDE",STKM-HT590,P,Khong,35.0,0.0,2.6,1395.0,B,251.0,727.0,,,300.0,869.0,360.0,1043.0,360.0,1043.0,,,,,,,,,,,,,,,,0,0.0
292,YAMAHA,KMV,,BYP-F11A1-00-001Y,"TUBE, LWR.1",STKMRHT490,P,Khong,38.1,38.1,2.0,544.0,B,623.0,779.0,,,,,320.0,400.0,320.0,400.0,,,,,,,,,,,,,,,,0,0.0
293,SUZUKI,KMV,,52432-31G10-000Y,"PIPE, SPSN ARM UPP RR, R",STKMRHT590,P,Khong,40.0,25.0,1.4,527.0,B,,,1032.0,743.0,756.0,545.0,756.0,545.0,756.0,545.0,,,,,,,,,,,,,,,,0,0.0
294,YAMAHA,KMV,,BYP-F1195-00-0000,"SEAT, RAIL 1",STKMRHT590,P,Khong,40.0,25.0,2.0,320.0,B,403.0,248.0,,,200.0,123.0,440.0,271.0,400.0,246.0,,,,,,,,,,,,,,,,0,0.0
295,YAMAHA,KMV,,3S4-F2171-00-100Y,ARM RR,STKMRR290,P,Khong,40.0,20.0,1.6,428.0,B,21102.0,13006.0,19044.0,11737.0,23770.0,14650.0,21550.0,13282.0,19000.0,11710.0,,,,,,,,,,,,,,,,0,0.0
296,YAMAHA,KMV,,16S-F2130-00-000Y,ARM RR1,STKMRR290,P,Khong,40.0,20.0,1.6,444.5,B,100.0,64.0,100.0,64.0,140.0,90.0,100.0,64.0,100.0,64.0,,,,,,,,,,,,,,,,0,0.0
297,YAMAHA,KMV,,1FC-F2130-00-000Y,"ARM RR ,1",STKMRR290,P,Khong,40.0,20.0,1.6,453.3,B,29444.0,19220.0,36984.0,24141.0,39898.0,26043.0,34740.0,22677.0,32462.0,21190.0,,,,,,,,,,,,,,,,0,0.0
298,YAMAHA,KMV,,J5A-F2198-00-000Y,TUBE,STKMRR290,P,Khong,50.0,25.0,2.3,686.0,B,400.0,721.0,400.0,721.0,1200.0,2162.0,1200.0,2162.0,1400.0,2522.0,,,,,,,,,,,,,,,,0,0.0
299,YAMAHA,KMV,,1023011564-05-0010,PIPE 5,STKMRR370,C,Khong,20.0,20.0,1.2,220.0,B,,,,,21.0,3.0,516.0,81.0,,,,,,,,,,,,,,,,,,0,0.0
300,YAMAHA,KMV,,1023011563A-04-001Y,PIPE 4,STKMRR370,C,Khong,20.0,20.0,1.2,315.0,B,,,,,110.0,25.0,450.0,101.0,,,,,,,,,,,,,,,,,,0,0.0
301,HONDA,Nguyen Linh,,,,STAM290GA,P,Khong,19.1,0.0,2.3,6000.0,P/E,1800.0,10292.0,1799.0,10287.0,1749.0,10001.0,1594.0,9114.0,1790.0,10235.0,1556.0,8897.0,1631.0,9326.0,1625.0,9292.0,1842.0,10533.0,1979.0,11316.0,1165.0,6661.0,1769.0,10115.0,2024-12-26,0,0.0
302,YAMAHA,SHVN,,,,STKM11A,C,Khong,19.1,0.0,1.0,5800.0,P/E,100.0,259.0,80.0,207.0,101.0,261.0,63.0,163.0,,,,,,,,,,,,,,,,,,0,0.0
303,YAMAHA,SHVN,,,,STKM11A,C,Co,22.2,0.0,1.2,5670.0,P/E,100.0,352.0,59.0,208.0,148.0,521.0,104.0,366.0,,,,,,,,,,,,,,,,,,0,0.0
304,YAMAHA,SHVN,,,,STKM11A,C,Co,22.2,0.0,1.2,5800.0,P/E,676.0,2435.0,715.0,2575.0,864.0,3112.0,764.0,2752.0,,,,,,,,,,,,,,,,,,0,0.0
305,YAMAHA,SHVN,,,,STKM11A,P,Co,22.2,0.0,1.6,6000.0,P/E,169.0,824.0,309.0,1507.0,420.0,2049.0,346.0,1688.0,,,,,,,,,,,,,,,,,,0,0.0
306,YAMAHA,SHVN,,,,STKM11A,P,Co,22.2,0.0,2.0,5800.0,P/E,845.0,4881.0,836.0,4829.0,866.0,5003.0,540.0,3119.0,,,,,,,,,,,,,,,,,,0,0.0
307,YAMAHA,SHVN,,,,STKM11A,P,Khong,22.2,0.0,2.3,5800.0,P/E,50.0,327.0,33.0,216.0,33.0,216.0,20.0,131.0,,,,,,,,,,,,,,,,,,0,0.0
308,YAMAHA,SHVN,,,,STKM11A,P,Co,25.4,0.0,2.0,5500.0,P/E,,,,,87.0,552.0,42.0,267.0,,,,,,,,,,,,,,,,,,0,1.0
309,YAMAHA,SHVN,,,,STKM11A,C,Co,28.6,0.0,1.2,5300.0,P/E,30.0,129.0,67.0,288.0,84.0,361.0,62.0,266.0,,,,,,,,,,,,,,,,,,0,0.0
310,YAMAHA,SHVN,,,,STKM11A,C,Co,38.1,0.0,1.2,5580.0,P/E,,,21.0,128.0,26.0,158.0,20.0,122.0,,,,,,,,,,,,,,,,,,0,0.0
311,YAMAHA,SHVN,,,,STKM11A,C,Co,45.0,0.0,1.2,5600.0,P/E,46.0,334.0,37.0,269.0,47.0,341.0,54.0,392.0,,,,,,,,,,,,,,,,,,0,0.0
312,YAMAHA,SHVN,,,,STKM13A,P,Khong,21.7,0.0,2.0,5500.0,P/E,,,27.0,144.0,134.0,716.0,9.0,48.0,,,,,,,,,,,,,,,,,,0,1.0
313,YAMAHA,SHVN,,,,STKMHT590,P,Co,22.2,0.0,1.6,5400.0,P/E,127.0,558.0,76.0,334.0,150.0,659.0,300.0,1317.0,,,,,,,,,,,,,,,,,,0,0.0
314,YAMAHA,SHVN,,,,STKMHT590,P,Co,22.2,0.0,2.0,5550.0,P/E,127.0,702.0,97.0,536.0,147.0,813.0,358.0,1979.0,,,,,,,,,,,,,,,,,,0,0.0
315,YAMAHA,SHVN,,,,STKMHT590,P,Co,22.2,0.0,2.0,5710.0,P/E,508.0,2889.0,566.0,3219.0,585.0,3327.0,1141.0,6489.0,,,,,,,,,,,,,,,,,,0,0.0
316,YAMAHA,SHVN,,,,STKMHT590,P,Khong,22.2,0.0,2.3,6253.0,P/E,,,10.0,71.0,,,11.0,78.0,,,,,,,,,,,,,,,,,,0,1.0
317,YAMAHA,SHVN,,,,STKMHT590,P,Co,25.4,0.0,1.6,5500.0,P/E,,,10.0,52.0,,,11.0,57.0,,,,,,,,,,,,,,,,,,0,0.0
318,YAMAHA,SHVN,,,,STKMHT590,P,Co,25.4,0.0,2.3,5760.0,P/E,127.0,958.0,206.0,1554.0,272.0,2052.0,713.0,5380.0,,,,,,,,,,,,,,,,,,0,0.0
319,YAMAHA,SHVN,,,,SUS409L,C,Co,25.4,0.0,1.2,6049.0,P/E,223.0,966.0,,,,,,,,,,,,,,,,,,,,,,,,0,1.0
320,VINFAST,TAM HOP,,,,STAM290GA,P,Khong,15.9,0.0,2.0,1635.0,B,4100.0,4599.0,,,,,,,,,,,,,,,,,,,,,,,,0,1.0
321,VINFAST,TAM HOP,,,,STAM390G,P,Khong,28.6,0.0,2.0,5500.0,P/E,150.0,1082.0,,,,,,,,,,,,,,,,,,,,,,,,0,1.0
322,VINFAST,TAM HOP,,,,STKM13A,P,Khong,19.1,0.0,2.0,5644.0,P/E,180.0,856.0,,,,,,,,,,,,,,,,,,,,,,,,0,1.0
323,VINFAST,TAM HOP,,,,STKM13A,P,Co,22.2,0.0,2.0,5999.0,P/E,330.0,1972.0,,,,,,,,,,,,,,,,,,,,,,,,0,1.0
324,VINFAST,TAM HOP,,,,STKM13A,P,Co,34.0,0.0,2.6,5850.0,P/E,600.0,7066.0,,,,,,,,,,,,,,,,,,,,,,,,0,1.0
325,HONDA,TECHNOKOM,K2TA,50132-K2TA-V001-H1,PIPE FR UPPER CROSS,STAM390G,P,Khong,17.3,0.0,1.4,5295.0,P/E,805.0,2340.0,1405.0,4084.0,1097.0,3189.0,1151.0,3346.0,1301.0,3782.0,1363.0,3962.0,1348.0,3919.0,1268.0,3686.0,1501.0,4363.0,1517.0,4410.0,1345.0,3910.0,,,2024-11-22,0,0.0
326,HONDA,TECHNOKOM,K2TA,50131-K2TA-V003-H1,PIPE FR UPPER CROSS,STAM390G,P,Khong,19.1,0.0,1.6,5700.0,P/E,621.0,2442.0,820.0,3225.0,640.0,2517.0,671.0,2639.0,759.0,2985.0,795.0,3127.0,786.0,3091.0,740.0,2910.0,876.0,3445.0,885.0,3481.0,785.0,3087.0,,,2024-11-22,0,0.0
327,HONDA,TECHNOKOM,K2ZA.K3AA,50108-K1Z-J100-H1,PIPE FR UPPER CROSS,STAM390G,P,Khong,22.2,0.0,2.9,5700.0,P/E,27.0,212.0,87.0,684.0,71.0,558.0,90.0,708.0,82.0,645.0,86.0,676.0,89.0,700.0,86.0,676.0,95.0,747.0,48.0,378.0,1.0,8.0,,,2024-11-22,0,0.0
328,TTVN,TOYOTA,,72422-X7V99,,STAM390G,P,Co,25.4,0.0,1.6,443.4,C,175.0,73.0,400.0,167.0,400.0,167.0,,,,,,,,,,,,,,,,,,,,0,0.0
329,TTVN,TOYOTA,,72422-X7V98,,STAM390G,P,Co,25.4,0.0,1.6,462.8,C,75.0,33.0,350.0,152.0,450.0,196.0,,,,,,,,,,,,,,,,,,,,0,0.0
330,TTVN,TOYOTA,,72422-X1C00,CH-170,STKM11A,P,Khong,12.7,0.0,2.0,396.3,B,500.0,105.0,300.0,63.0,300.0,63.0,500.0,105.0,,,,,,,,,,,,,,,,,,0,0.0
331,TTVN,TOYOTA,,71256-X7A28,IH-238,STKM11A,C,Khong,19.1,0.0,1.2,427.8,B,300.0,68.0,200.0,45.0,200.0,45.0,300.0,68.0,,,,,,,,,,,,,,,,,,0,0.0
332,TTVN,TOYOTA,,72422-X1B03,CH-169,STKM11A,P,Khong,22.2,0.0,1.8,428.9,B,1750.0,680.0,1100.0,427.0,1150.0,447.0,1400.0,544.0,,,,,,,,,,,,,,,,,,0,0.0
333,TTVN,TOYOTA,,72422-X1C02,CH-171,STKM11A,C,Khong,25.4,0.0,1.2,467.4,B,50.0,17.0,,,50.0,17.0,100.0,33.0,,,,,,,,,,,,,,,,,,0,0.0
334,TTVN,TOYOTA,,,,STKM11A,P,Khong,25.4,0.0,1.6,1488.0,B,257.0,359.0,340.0,475.0,420.0,587.0,,,,,,,,,,,,,,,,,,,,0,0.0
335,TTVN,TOYOTA,,72423-X1B00,CH-172,STKM11A,P,Khong,25.4,0.0,1.8,469.4,B,2650.0,1304.0,1600.0,787.0,1500.0,738.0,1900.0,935.0,,,,,,,,,,,,,,,,,,0,0.0
336,TTVN,TOYOTA,,72345-X7V42,DH-101,STKM13A,P,Khong,12.7,0.0,1.6,411.3,C,1700.0,306.0,1000.0,180.0,1100.0,198.0,1400.0,252.0,,,,,,,,,,,,,,,,,,0,0.0
337,TTVN,TOYOTA,,,,STKM13A,C,Khong,19.1,0.0,1.2,520.0,B,947.0,261.0,800.0,220.0,750.0,207.0,,,,,,,,,,,,,,,,,,,,0,0.0
338,TTVN,TOYOTA,,,,STKM13A,P,Khong,19.1,0.0,1.6,450.0,B,52.0,16.0,20.0,6.0,60.0,19.0,,,,,,,,,,,,,,,,,,,,0,0.0
339,TTVN,TOYOTA,,,,STKM13A,P,Khong,19.1,0.0,1.6,636.5,B,325.0,143.0,180.0,79.0,240.0,105.0,,,,,,,,,,,,,,,,,,,,0,0.0
340,TTVN,TOYOTA,,72345-X1V53,EH-078,STKM13A,P,Khong,19.1,0.0,2.3,371.7,B,1000.0,354.0,650.0,230.0,600.0,213.0,750.0,266.0,,,,,,,,,,,,,,,,,,0,0.0
341,TTVN,TOYOTA,,MT03S0002068T,,STKM13A,P,Khong,19.1,0.0,2.3,5100.0,P/E,169.0,821.0,,,,,,,,,,,,,,,,,,,,,,,,0,1.0
342,TTVN,TOYOTA,,,,STKM13A,P,Khong,22.2,0.0,2.0,416.0,B,774.0,321.0,520.0,215.0,600.0,249.0,,,,,,,,,,,,,,,,,,,,0,0.0
343,TTVN,TOYOTA,,79214-X7V03,DH-076,STKM13A,C,Khong,25.4,0.0,1.0,416.6,B,1750.0,439.0,1000.0,251.0,1150.0,288.0,1400.0,351.0,,,,,,,,,,,,,,,,,,0,0.0
344,TTVN,TOYOTA,,72422-X7V92,DH-103,STKM13A,C,Khong,25.4,0.0,1.0,435.0,B,1050.0,275.0,600.0,157.0,700.0,183.0,850.0,223.0,,,,,,,,,,,,,,,,,,0,0.0
345,TTVN,TOYOTA,,,,STKM13A,C,Khong,25.4,0.0,1.2,150.0,B,335.0,36.0,180.0,19.0,240.0,26.0,,,,,,,,,,,,,,,,,,,,0,0.0
346,TTVN,TOYOTA,,71211-X7A27,IH-231,STKM13A,C,Khong,25.4,0.0,1.2,457.9,B,300.0,98.0,200.0,66.0,200.0,66.0,300.0,98.0,,,,,,,,,,,,,,,,,,0,0.0
347,TTVN,TOYOTA,,,,STKM13A,C,Khong,25.4,0.0,1.2,680.0,B,341.0,166.0,200.0,97.0,220.0,107.0,,,,,,,,,,,,,,,,,,,,0,0.0
348,TTVN,TOYOTA,,,,STKM13A,C,Khong,25.4,0.0,1.2,742.0,B,2046.0,1087.0,1590.0,845.0,1470.0,781.0,,,,,,,,,,,,,,,,,,,,0,0.0
349,TTVN,TOYOTA,,,,STKM13A,C,Khong,25.4,0.0,1.2,1097.0,B,325.0,255.0,180.0,141.0,240.0,189.0,,,,,,,,,,,,,,,,,,,,0,0.0
350,TTVN,TOYOTA,,,,STKM13A,C,Khong,25.4,0.0,1.2,1271.0,B,680.0,619.0,1040.0,946.0,1160.0,1056.0,,,,,,,,,,,,,,,,,,,,0,0.0
351,TTVN,TOYOTA,,79114-X7V13,DH-072,STKM13A,P,Khong,25.4,0.0,1.4,418.1,B,850.0,295.0,500.0,173.0,550.0,191.0,700.0,243.0,,,,,,,,,,,,,,,,,,0,0.0
352,TTVN,TOYOTA,,,,STKM13A,P,Khong,25.4,0.0,1.4,474.5,B,700.0,275.0,380.0,149.0,440.0,173.0,,,,,,,,,,,,,,,,,,,,0,0.0
353,TTVN,TOYOTA,,79114-X7V11,DH-073,STKM13A,P,Khong,25.4,0.0,1.4,617.8,B,1000.0,512.0,400.0,205.0,600.0,307.0,800.0,410.0,,,,,,,,,,,,,,,,,,0,0.0
354,TTVN,TOYOTA,,,,STKM13A,P,Khong,25.4,0.0,1.6,515.0,B,700.0,339.0,380.0,184.0,440.0,213.0,,,,,,,,,,,,,,,,,,,,0,0.0
355,TTVN,TOYOTA,,,,STKM13A,P,Khong,25.4,0.0,1.6,567.0,B,68.0,36.0,20.0,11.0,40.0,21.0,,,,,,,,,,,,,,,,,,,,0,0.0
356,TTVN,TOYOTA,,,,STKM13A,P,Khong,25.4,0.0,1.6,590.0,B,1580.0,875.0,960.0,532.0,1200.0,665.0,,,,,,,,,,,,,,,,,,,,0,0.0
357,TTVN,TOYOTA,,,,STKM13A,P,Khong,25.4,0.0,1.6,740.0,B,454.0,315.0,380.0,264.0,460.0,320.0,,,,,,,,,,,,,,,,,,,,0,0.0
358,TTVN,TOYOTA,,72345-X1V28,EH-050,STKM13A,C,Khong,28.6,0.0,1.2,407.3,B,1300.0,429.0,800.0,264.0,700.0,231.0,950.0,314.0,,,,,,,,,,,,,,,,,,0,0.0
359,TTVN,TOYOTA,,72345-X1V32,EH-051,STKM13A,C,Khong,28.6,0.0,1.2,618.1,B,1400.0,702.0,800.0,401.0,800.0,401.0,800.0,401.0,,,,,,,,,,,,,,,,,,0,0.0
360,TTVN,TOYOTA,,,,STKM13A,C,Khong,28.6,0.0,1.2,1298.0,B,1016.0,1070.0,780.0,821.0,720.0,758.0,,,,,,,,,,,,,,,,,,,,0,0.0
361,TTVN,TOYOTA,,79114-X7A14,IH-281,STKM13A,P,Khong,38.1,0.0,2.6,476.2,B,300.0,325.0,200.0,217.0,225.0,244.0,275.0,298.0,,,,,,,,,,,,,,,,,,0,0.0
362,TTVN,TOYOTA,,79114-X7A15,IH-282,STKM13A,P,Khong,38.1,0.0,2.6,687.7,B,400.0,626.0,200.0,313.0,200.0,313.0,200.0,313.0,,,,,,,,,,,,,,,,,,0,0.0
363,TTVN,TOYOTA,,72422-X1300,CH-168,STKM17AM,P,Khong,25.4,0.0,1.6,409.4,B,1250.0,481.0,800.0,308.0,750.0,288.0,900.0,346.0,,,,,,,,,,,,,,,,,,0,0.0
364,TTVN,TOYOTA,,72422-X7A09,IH-261,STKM17AM,P,Khong,25.4,0.0,2.3,409.4,B,500.0,268.0,350.0,188.0,400.0,215.0,500.0,268.0,,,,,,,,,,,,,,,,,,0,0.0
365,TTVN,TOYOTA,,,,STKM17AM,P,Khong,25.4,0.0,2.3,972.0,B,309.0,393.0,200.0,255.0,220.0,280.0,,,,,,,,,,,,,,,,,,,,0,0.0
366,TTVN,TOYOTA,,,,STKM17AM,C,Khong,28.6,0.0,1.2,1505.0,B,1106.0,1350.0,780.0,952.0,720.0,879.0,,,,,,,,,,,,,,,,,,,,0,0.0
367,TTVN,TOYOTA,,71256-X7V11,DH-075,STKM-550,C,Khong,25.4,0.0,1.2,399.9,B,900.0,258.0,500.0,143.0,600.0,172.0,700.0,200.0,,,,,,,,,,,,,,,,,,0,0.0
368,TTVN,TOYOTA,,72422-X7V91,DH-102,STKM-550,P,Khong,25.4,0.0,1.6,435.0,B,1050.0,429.0,600.0,245.0,700.0,286.0,850.0,347.0,,,,,,,,,,,,,,,,,,0,0.0
369,TTVN,TOYOTA,,71256-X7V09,DH-074,STKM-550,P,Khong,25.4,0.0,1.6,632.7,B,800.0,475.0,600.0,356.0,600.0,356.0,600.0,356.0,,,,,,,,,,,,,,,,,,0,0.0
370,HONDA,TSVN,,,,STAM390G,P,Khong,31.8,0.0,2.6,206.4,B,,,,,,,50.0,19.0,,,,,,,,,,,,,,,,,,0,0.0
371,HONDA,TSVN,,,,STAM390G,P,Khong,54.0,20.0,2.0,565.0,B,,,,,,,50.0,57.0,,,,,,,,,,,,,,,,,,0,0.0
372,YAMAHA,TSVN,BFM,,,STKM11A,P,Khong,12.7,0.0,2.0,280.5,B,,,100.0,15.0,150.0,22.0,300.0,44.0,50.0,7.0,100.0,15.0,50.0,7.0,50.0,7.0,100.0,15.0,50.0,7.0,50.0,7.0,,,2024-12-06,0,0.0
373,YAMAHA,TSVN,BFM,,,STKM11A,P,Khong,15.9,0.0,2.3,270.0,B,,,100.0,21.0,150.0,31.0,200.0,42.0,50.0,10.0,100.0,21.0,50.0,10.0,500.0,104.0,100.0,21.0,50.0,10.0,50.0,10.0,,,2024-12-06,0,0.0
374,YAMAHA,TSVN,BFM,,,STKMHT490,P,Co,38.1,0.0,1.8,390.0,B,,,100.0,63.0,150.0,94.0,200.0,126.0,50.0,31.0,100.0,63.0,50.0,31.0,50.0,31.0,100.0,63.0,50.0,31.0,50.0,31.0,,,2024-12-06,0,0.0
375,VINFAST,Vinfast,VF,5300008450 STKM11A_T2.0_OD22.2_L633,TUB00000058,STKM11A,P,Khong,22.2,0.0,2.0,633.0,B,9000.0,5674.0,,,,,,,,,,,,,,,,,,,,,,,,0,1.0
376,VINFAST,Vinfast,VF,5300008450 STKM11A_T2.0_OD38.1_L1340,TUB00000054,STKM11A,P,Khong,38.1,0.0,2.0,1340.0,B,400.0,954.0,,,,,,,,,,,,,,,,,,,,,,,,0,1.0
377,VINFAST,Vinfast,V5 CITY,,,STKM13A,P,Khong,34.0,0.0,2.0,640.0,B,5087.0,5137.0,,,,,,,,,,,,,,,,,,,,,,,,0,1.0
378,VINFAST,Vinfast,V5 LITE,5300008450 TUB_STKM13A_T2_OD34_L735,TUB00000053,STKM13A,P,Khong,34.0,0.0,2.0,735.0,B,7389.0,8570.0,,,,,,,,,,,,,,,,,,,,,,,,0,1.0
379,VINFAST,Vinfast,V5 CITY/V5 LITE,5300008450 TUB_STKM13A_T2_OD38.1_L1150,TUB00000047,STKM13A,P,Khong,38.1,0.0,2.0,1150.0,B,8200.0,16785.0,,,,,,,,,,,,,,,,,,,,,,,,0,1.0
380,VINFAST,Vinfast,VF,5300008450 TUB_STKM11A_40x20_L200_T2.3,TUB00000010,STKMRR290,P,Khong,40.0,20.0,2.3,200.0,B,3000.0,1219.0,,,,,,,,,,,,,,,,,,,,,,,,0,1.0
381,VINFAST,Vinfast,VF,5300008450 TUB_STKM11A_40x20_L426_T2.3,TUB00000017,STKMRR290,P,Khong,40.0,20.0,2.3,426.0,B,10000.0,8652.0,,,,,,,,,,,,,,,,,,,,,,,,0,1.0
382,OTHER,VPIC1,HONDA JP,MT03S0001168T,,STAM290GA,P,Co,25.4,0.0,2.3,5500.0,P/E,50.0,360.0,,,,,,,,,,,,,,,,,,,,,,,,0,1.0
383,HONDA,VPIC1,K1BF-HII/K40H-HII,MT03S0001870T,,STAM390G,C,Khong,17.3,0.0,1.2,5400.0,P/E,651.0,1673.0,420.0,1080.0,460.0,1182.0,450.0,1157.0,460.0,1182.0,70.0,180.0,470.0,1208.0,470.0,1208.0,660.0,1696.0,180.0,463.0,230.0,591.0,,,2024-12-18,0,0.0
384,HONDA,VPIC1,K1BF-HII/K40H-HII,MT03S0001871T,,STAM390G,C,Khong,17.3,0.0,1.2,5600.0,P/E,217.0,578.0,100.0,267.0,110.0,293.0,107.0,285.0,110.0,293.0,17.0,45.0,112.0,299.0,112.0,299.0,157.0,418.0,43.0,115.0,55.0,147.0,,,2024-12-18,0,0.0
385,HONDA,VPIC1,K1YA/K1ZA,MT03S0000802T,,STAM390G,P,Khong,17.3,0.0,1.4,5300.0,P/E,651.0,1894.0,591.0,1720.0,863.0,2511.0,729.0,2121.0,465.0,1353.0,486.0,1414.0,399.0,1161.0,396.0,1152.0,358.0,1042.0,393.0,1144.0,438.0,1274.0,,,2024-12-18,0,0.0
386,HONDA,VPIC1,K1BF-HII/K40H-HII,MT03S0001872T,,STAM390G,C,Khong,19.1,0.0,1.2,5200.0,P/E,813.0,2241.0,525.0,1447.0,575.0,1585.0,563.0,1552.0,575.0,1585.0,88.0,243.0,588.0,1621.0,588.0,1621.0,825.0,2274.0,225.0,620.0,288.0,794.0,,,2024-12-18,0,0.0
387,HONDA,VPIC1,,MT03S0000829T,,STAM390G,P,Khong,19.1,0.0,1.6,5600.0,P/E,50.0,193.0,,,,,,,,,,,,,,,,,,,,,,,,0,1.0
388,OTHER,VPIC1,,MT03S0000831T,,STAM390G,P,Khong,19.1,0.0,2.0,5000.0,P/E,217.0,915.0,249.0,1050.0,270.0,1138.0,294.0,1239.0,117.0,493.0,194.0,818.0,184.0,776.0,228.0,961.0,315.0,1328.0,113.0,476.0,75.0,316.0,,,2024-12-18,0,0.0
389,OTHER,VPIC1,PIAGIO VN,MT03S0000834T,,STAM390G,P,Khong,19.1,0.0,2.0,5300.0,P/E,,,209.0,934.0,245.0,1095.0,266.0,1188.0,214.0,956.0,225.0,1005.0,227.0,1014.0,211.0,943.0,156.0,697.0,42.0,188.0,,,,,2024-12-18,0,0.0
390,OTHER,VPIC1,K1WA-HII,MT03S0000835T,,STAM390G,P,Khong,19.1,0.0,2.0,5600.0,P/E,217.0,1024.0,241.0,1138.0,272.0,1284.0,303.0,1430.0,298.0,1407.0,200.0,944.0,247.0,1166.0,244.0,1152.0,241.0,1138.0,139.0,656.0,77.0,364.0,,,2024-12-18,0,0.0
391,HONDA,VPIC1,GJRF,MT03S0002629T,,STAM390G,P,Co,22.2,0.0,2.0,5200.0,P/E,60.0,311.0,,,,,,,,,,,,,,,,,,,,,,,,0,1.0
392,HONDA,VPIC1,K1WF,MT03S0000897T,,STAM390G,P,Khong,22.2,0.0,2.0,5600.0,P/E,169.0,943.0,79.0,441.0,83.0,463.0,93.0,519.0,103.0,574.0,28.0,156.0,93.0,519.0,58.0,324.0,97.0,541.0,113.0,630.0,83.0,463.0,,,2024-12-18,0,0.0
393,HONDA,VPIC1,K2PJ,MT03S0000906T,,STAM390G,P,Khong,22.2,0.0,2.3,5500.0,P/E,169.0,1049.0,186.0,1155.0,150.0,931.0,192.0,1192.0,155.0,962.0,75.0,466.0,150.0,931.0,50.0,310.0,393.0,2440.0,300.0,1863.0,365.0,2266.0,,,2024-12-18,0,0.0
394,HONDA,VPIC1,K1YA/K1ZA,MT03S0000910T,,STAM390G,P,Khong,22.2,0.0,2.9,5800.0,P/E,508.0,4066.0,476.0,3810.0,696.0,5571.0,588.0,4706.0,375.0,3002.0,392.0,3138.0,322.0,2577.0,320.0,2561.0,289.0,2313.0,317.0,2537.0,353.0,2825.0,,,2024-12-18,0,0.0
395,HONDA,VPIC1,K1WF,B162542005200,,STAM390G,P,Khong,25.4,0.0,2.0,5200.0,P/E,100.0,600.0,33.0,198.0,44.0,264.0,44.0,264.0,56.0,336.0,44.0,264.0,56.0,336.0,44.0,264.0,67.0,402.0,56.0,336.0,56.0,336.0,,,2024-12-18,0,0.0
396,HONDA,VPIC1,K1NA/K1NF,MT03S0000932T,,STAM390G,P,Co,25.4,0.0,2.6,5100.0,P/E,381.0,2841.0,229.0,1707.0,192.0,1432.0,255.0,1901.0,230.0,1715.0,241.0,1797.0,275.0,2050.0,258.0,1924.0,288.0,2147.0,327.0,2438.0,278.0,2073.0,,,2024-12-18,0,0.0
397,HONDA,VPIC1,K1NA/K1NF,MT03S0000937T,,STAM390G,P,Co,25.4,0.0,3.2,5100.0,P/E,455.0,4066.0,529.0,4727.0,444.0,3967.0,588.0,5254.0,530.0,4736.0,556.0,4968.0,636.0,5683.0,597.0,5334.0,665.0,5942.0,756.0,6755.0,643.0,5745.0,,,2024-12-18,0,0.0
398,OTHER,VPIC1,PIAGIO VN,MT03S0000954T,,STAM390G,P,Khong,28.6,0.0,2.0,5200.0,P/E,,,549.0,3745.0,645.0,4400.0,701.0,4783.0,563.0,3841.0,593.0,4046.0,596.0,4066.0,554.0,3780.0,410.0,2797.0,111.0,757.0,,,,,2024-12-18,0,0.0
399,HONDA,VPIC1,K1WF,B163812605000,,STAM390G,P,Khong,38.1,0.0,2.6,5000.0,P/E,,,18.0,205.0,24.0,273.0,24.0,273.0,29.0,330.0,24.0,273.0,29.0,330.0,24.0,273.0,35.0,398.0,29.0,330.0,29.0,330.0,,,2024-12-18,0,0.0
400,HONDA,VPIC1,,MT03S0001022T,,STAM390G,P,Co,42.7,0.0,2.0,748.5,B,,,88.0,132.0,,,,,,,,,,,,,,,,,,,,,2024-12-18,0,0.0
401,VINFAST,VPIC1,,MT03S0001026T,,STAM390G,P,Co,42.7,0.0,2.0,5700.0,P/E,600.0,6864.0,,,,,,,,,,,,,,,,,,,,,,,,0,1.0
402,HONDA,VPIC1,,MT03S0001056T,,STAM390G,P,Co,48.6,0.0,3.5,5400.0,P/E,264.0,5550.0,248.0,5214.0,274.0,5760.0,248.0,5214.0,287.0,6033.0,39.0,820.0,265.0,5571.0,100.0,2102.0,96.0,2018.0,326.0,6853.0,409.0,8598.0,,,2024-12-18,0,0.0
403,HONDA,VPIC1,,MT03S0001077T,,STAM390G,P,Khong,54.0,0.0,3.2,203.0,A,,,44.0,36.0,,,,,,,,,,,,,,,,,,,,,2024-12-18,0,0.0
404,OTHER,VPIC1,HARLEY DAVIDSON,MT03S0002634T,,STKM13A,P,Khong,19.1,0.0,2.4,4000.0,P/E,120.0,474.0,,,,,,,,,,,,,,,,,,,,,,,,0,1.0
405,OTHER,VPIC1,HARLEY DAVIDSON,MT03S0002635T,,STKM13A,P,Khong,19.1,0.0,2.4,5000.0,P/E,60.0,296.0,,,,,,,,,,,,,,,,,,,,,,,,0,1.0
406,TOTAL,,,,,,,,0.0,0.0,0.0,0.0,,740694.0,864648.0,897094.0,948106.0,956999.0,926465.0,897209.0,952625.0,841359.0,872752.0,283888.0,613369.0,293702.0,643757.0,274379.0,596171.0,291359.0,659576.0,288096.0,648475.0,195667.0,443493.0,5669.0,14510.0,,1,
